<!DOCTYPE template>
<!--
  Description:
    A grid of beatloop controls with a loop double and halve on the left and right.
  Variables:
    group: The group for the controls.
-->
<Template>
  <WidgetGroup>
    <ObjectName>BeatLoopContainer</ObjectName>
    <Layout>horizontal</Layout>

    <MinimumSize>-1,-1</MinimumSize>
    <SizePolicy>min,max</SizePolicy>

    <Children>
      <!-- Grow to be as tall as the outer WidgetGroup -->
      <Template src="skin:left_1state_button.xml">
        <SetVariable name="TooltipId">loop_halve</SetVariable>
        <SetVariable name="ObjectName">LoopHalveButton</SetVariable>
        <SetVariable name="MinimumSize"><Variable name="SquareButtonMinimumSize"/></SetVariable>
        <SetVariable name="MaximumSize"><Variable name="SquareButtonMinimumSize"/></SetVariable>
        <SetVariable name="SizePolicy"><Variable name="VerticalStretchButtonSizePolicy"/></SetVariable>
        <SetVariable name="state_0_text"></SetVariable>
        <SetVariable name="state_0_pressed">icon/ic_chevron_left_48px.svg</SetVariable>
        <SetVariable name="state_0_unpressed">icon/ic_chevron_left_48px.svg</SetVariable>
        <SetVariable name="left_connection_control"><Variable name="group"/>,loop_halve</SetVariable>
      </Template>

      <WidgetGroup>
        <Layout>vertical</Layout>
        <SizePolicy>min,min</SizePolicy>
        <Children>
          <WidgetGroup>
            <ObjectName>BeatLoopUpperRow</ObjectName>
            <Layout>horizontal</Layout>
            <SizePolicy>min,min</SizePolicy>
            <Children>

              <Template src="skin:beatloop_button2.xml">
                <SetVariable name="control_length">0.5</SetVariable>
                <SetVariable name="text_length">1/2</SetVariable>
              </Template>

              <Template src="skin:beatloop_button2.xml">
                <SetVariable name="control_length">1</SetVariable>
                <SetVariable name="text_length">1</SetVariable>
              </Template>

 	      <Template src="skin:beatloop_button2.xml">
                <SetVariable name="control_length">2</SetVariable>
                <SetVariable name="text_length">2</SetVariable>
              </Template>

	      <Template src="skin:beatloop_button2.xml">
                <SetVariable name="control_length">4</SetVariable>
                <SetVariable name="text_length">4</SetVariable>
              </Template>

	      <Template src="skin:beatloop_button2.xml">
                <SetVariable name="control_length">8</SetVariable>
                <SetVariable name="text_length">8</SetVariable>
              </Template>
            </Children>
          </WidgetGroup>

        </Children>
      </WidgetGroup>

      <!-- Grow to be as tall as the outer WidgetGroup -->
      <Template src="skin:left_1state_button.xml">
        <SetVariable name="TooltipId">loop_double</SetVariable>
        <SetVariable name="ObjectName">LoopDoubleButton</SetVariable>
        <SetVariable name="MinimumSize"><Variable name="SquareButtonMinimumSize"/></SetVariable>
        <SetVariable name="MaximumSize"><Variable name="SquareButtonMinimumSize"/></SetVariable>
        <SetVariable name="SizePolicy"><Variable name="VerticalStretchButtonSizePolicy"/></SetVariable>
        <SetVariable name="state_0_text"></SetVariable>
        <SetVariable name="state_0_pressed">icon/ic_chevron_right_48px.svg</SetVariable>
        <SetVariable name="state_0_unpressed">icon/ic_chevron_right_48px.svg</SetVariable>
        <SetVariable name="left_connection_control"><Variable name="group"/>,loop_double</SetVariable>
      </Template>
    </Children>
  </WidgetGroup>
</Template>
