<!DOCTYPE template>
<!--
  Description:
    The deck mixer controls.
-->
<Template>
  <SetVariable name="group">[Channel<Variable name="i"/>]</SetVariable>
  <WidgetGroup>
    <ObjectName>DeckMixer<Variable name="i"/>_Column1</ObjectName>
    <Layout>vertical</Layout>
    <SizePolicy>min,min</SizePolicy>
    <Children>
      <WidgetGroup>
        <Layout>horizontal</Layout>
        <Children>
          <Template src="skin:knob_with_button_horizontal.xml">
            <SetVariable name="TooltipId">pregain</SetVariable>
            <SetVariable name="control">pregain</SetVariable>
            <SetVariable name="color">red</SetVariable>
            <SetVariable name="button_TooltipId">mute</SetVariable>
            <SetVariable name="button_control">mute</SetVariable>
            <SetVariable name="label">Gain</SetVariable>
          </Template>
        </Children>
      </WidgetGroup>

      <Template src="skin:equalizer_rack_parameter.xml">
        <SetVariable name="parameter">4</SetVariable>
        <SetVariable name="color">yellow</SetVariable>
      </Template>

      <Template src="skin:equalizer_rack_parameter.xml">
        <SetVariable name="TooltipId">EqualizerRack_effect_parameter</SetVariable>
        <SetVariable name="button_TooltipId">EqualizerRack_effect_button_parameter</SetVariable>
        <SetVariable name="parameter">3</SetVariable>
        <SetVariable name="color">yellow</SetVariable>
      </Template>

      <Template src="skin:equalizer_rack_parameter.xml">
        <SetVariable name="TooltipId">EqualizerRack_effect_parameter</SetVariable>
        <SetVariable name="button_TooltipId">EqualizerRack_effect_button_parameter</SetVariable>
        <SetVariable name="parameter">2</SetVariable>
        <SetVariable name="color">yellow</SetVariable>
      </Template>

      <Template src="skin:equalizer_rack_parameter.xml">
        <SetVariable name="TooltipId">EqualizerRack_effect_parameter</SetVariable>
        <SetVariable name="button_TooltipId">EqualizerRack_effect_button_parameter</SetVariable>
        <SetVariable name="parameter">1</SetVariable>
        <SetVariable name="color">yellow</SetVariable>
      </Template>

      <Template src="skin:quick_effect_superknob.xml">
        <SetVariable name="TooltipId">QuickEffectRack_super1</SetVariable>
        <SetVariable name="button_TooltipId">QuickEffectRack_enabled</SetVariable>
        <SetVariable name="QuickEffect">1</SetVariable>
        <SetVariable name="color">blue</SetVariable>
      </Template>

      <Template src="skin:knob_with_button_horizontal.xml">
        <SetVariable name="TooltipId">pitch_adjust</SetVariable>
        <SetVariable name="control">pitch_adjust</SetVariable>
        <SetVariable name="color">blue</SetVariable>
        <SetVariable name="button_TooltipId">keylock</SetVariable>
        <SetVariable name="button_control">keylock</SetVariable>
        <SetVariable name="label">Key</SetVariable>
      </Template>

      <!-- Needed to pin above controls to top, if ``None``  is
           selected in Preferences>Equalizers>Quick-Effect -->
      <Template src="skin:spacer_v.xml"></Template>
    </Children>
  </WidgetGroup>
</Template>
