<!DOCTYPE template>
<!--
  Description:
    Deck widget.
  Variables:
    i: The deck number (1-indexed)
-->
<Template>
  <SetVariable name="group">[Channel<Variable name="i"/>]</SetVariable>
  <SetVariable name="control_show_spinny">[Spinny<Variable name="i"/>],show_spinny</SetVariable>
  <WidgetGroup>
    <ObjectName>Deck<Variable name="i"/></ObjectName>
    <Layout>horizontal</Layout>
    <SizePolicy>me,min</SizePolicy>
    <Children>
      <WidgetGroup>
        <ObjectName>DeckInnerColumn</ObjectName>
        <Layout>vertical</Layout>
        <SizePolicy>min,min</SizePolicy>
        <Children>
          <Template src="skin:deck_inner_column.xml"/>
        </Children>
      </WidgetGroup>
      <WidgetGroup>
        <ObjectName>DeckRows</ObjectName>
        <Layout>vertical</Layout>
        <SizePolicy>me,min</SizePolicy>
        <Children>
          <Template src="skin:deck_text_row.xml"/>
          <!--Hides if the stacked waveforms option is activated in the skin settings -->
          <WidgetGroup>
            <Layout>vertical</Layout>
            <Children>
              <Template src="skin:deck_visual_row.xml"/>
            </Children>
            <Connection>
              <ConfigKey persist="true">[Deere],show_stacked_waveforms</ConfigKey>
              <BindProperty>visible</BindProperty>
              <Transform>
                <Not/>
              </Transform>
            </Connection>
          </WidgetGroup>
          <Template src="skin:deck_overview_row.xml"/>
          <Template src="skin:deck_controls_row.xml"/>
        </Children>
      </WidgetGroup>
    </Children>
  </WidgetGroup>
</Template>
