<!DOCTYPE template>
<!--
  Description:
    An effect chain widget.
  Variables:
    group: The group for the controls.
-->
<Template>
  <SetVariable name="group">[EffectRack<Variable name="EffectRack"/>_EffectUnit<Variable name="EffectUnit"/>]</SetVariable>
  <WidgetGroup>
    <ObjectName>EffectUnit<Variable name="EffectUnit"/></ObjectName>
    <Layout>vertical</Layout>
    <SizePolicy>me,f</SizePolicy>
    <MinimumSize>200,150</MinimumSize>
    <Children>
      <WidgetGroup>
        <ObjectName>EffectUnitNameRow</ObjectName>
        <Layout>horizontal</Layout>
        <SizePolicy>min,min</SizePolicy>
        <Children>
          <WidgetGroup>
            <ObjectName>EffectUnitNameContainer</ObjectName>
            <Layout>horizontal</Layout>
            <SizePolicy>me,max</SizePolicy>
            <Children>
              <EffectChainName>
                <EffectRack><Variable name="EffectRack"/></EffectRack>
                <EffectUnit><Variable name="EffectUnit"/></EffectUnit>
              </EffectChainName>
            </Children>
          </WidgetGroup>

          <WidgetGroup>
            <ObjectName>EffectUnitNextPrevContainer</ObjectName>
            <Layout>horizontal</Layout>
            <SizePolicy>me,max</SizePolicy>
            <Children>
              <Template src="skin:left_2state_button.xml">
                <SetVariable name="TooltipId">EffectUnit_enabled</SetVariable>
                <SetVariable name="ObjectName"></SetVariable>
                <SetVariable name="MinimumSize"><Variable name="SquareButtonMinimumSize"/></SetVariable>
                <SetVariable name="MaximumSize"><Variable name="SquareButtonMaximumSize"/></SetVariable>
                <SetVariable name="SizePolicy"><Variable name="SquareButtonSizePolicy"/></SetVariable>
                <SetVariable name="state_0_text"></SetVariable>
                <SetVariable name="state_0_pressed">icon/ic_power_48px.svg</SetVariable>
                <SetVariable name="state_0_unpressed">icon/ic_power_48px.svg</SetVariable>
                <SetVariable name="state_1_text"></SetVariable>
                <SetVariable name="state_1_pressed">icon/ic_power_48px.svg</SetVariable>
                <SetVariable name="state_1_unpressed">icon/ic_power_48px.svg</SetVariable>
                <SetVariable name="left_connection_control"><Variable name="group"/>,enabled</SetVariable>
              </Template>

              <Template src="skin:left_1state_button.xml">
                <SetVariable name="TooltipId">EffectUnit_clear</SetVariable>
                <SetVariable name="ObjectName"></SetVariable>
                <SetVariable name="MinimumSize"><Variable name="SquareButtonMinimumSize"/></SetVariable>
                <SetVariable name="MaximumSize"><Variable name="SquareButtonMaximumSize"/></SetVariable>
                <SetVariable name="SizePolicy"><Variable name="SquareButtonSizePolicy"/></SetVariable>
                <SetVariable name="state_0_text"></SetVariable>
                <SetVariable name="state_0_pressed">icon/ic_eject_48px.svg</SetVariable>
                <SetVariable name="state_0_unpressed">icon/ic_eject_48px.svg</SetVariable>
                <SetVariable name="left_connection_control"><Variable name="group"/>,clear</SetVariable>
              </Template>

              <Template src="skin:left_1state_button.xml">
                <SetVariable name="TooltipId">EffectUnit_prev_chain</SetVariable>
                <SetVariable name="ObjectName"></SetVariable>
                <SetVariable name="MinimumSize"><Variable name="SquareButtonMinimumSize"/></SetVariable>
                <SetVariable name="MaximumSize"><Variable name="SquareButtonMaximumSize"/></SetVariable>
                <SetVariable name="SizePolicy"><Variable name="SquareButtonSizePolicy"/></SetVariable>
                <SetVariable name="state_0_text"></SetVariable>
                <SetVariable name="state_0_pressed">icon/ic_chevron_left_48px.svg</SetVariable>
                <SetVariable name="state_0_unpressed">icon/ic_chevron_left_48px.svg</SetVariable>
                <SetVariable name="left_connection_control"><Variable name="group"/>,prev_chain</SetVariable>
              </Template>

              <Template src="skin:left_1state_button.xml">
                <SetVariable name="TooltipId">EffectUnit_next_chain</SetVariable>
                <SetVariable name="ObjectName"></SetVariable>
                <SetVariable name="MinimumSize"><Variable name="SquareButtonMinimumSize"/></SetVariable>
                <SetVariable name="MaximumSize"><Variable name="SquareButtonMaximumSize"/></SetVariable>
                <SetVariable name="SizePolicy"><Variable name="SquareButtonSizePolicy"/></SetVariable>
                <SetVariable name="state_0_text"></SetVariable>
                <SetVariable name="state_0_pressed">icon/ic_chevron_right_48px.svg</SetVariable>
                <SetVariable name="state_0_unpressed">icon/ic_chevron_right_48px.svg</SetVariable>
                <SetVariable name="left_connection_control"><Variable name="group"/>,next_chain</SetVariable>
              </Template>
            </Children>
          </WidgetGroup>
        </Children>
      </WidgetGroup>

      <WidgetGroup>
        <Layout>horizontal</Layout>
        <Children>
          <WidgetGroup>
            <Layout>vertical</Layout>
            <Children>
              <WidgetGroup>
                <ObjectName>EffectUnitControlRow</ObjectName>
                <Layout>horizontal</Layout>
                <SizePolicy>min,min</SizePolicy>
                <Children>
                  <WidgetGroup>
                    <ObjectName>EffectUnitParameters</ObjectName>
                    <SizePolicy>me,max</SizePolicy>
                    <Layout>horizontal</Layout>
                    <Children>
                      <!-- Allow up to 8 parameters, needed to control the graphic eq effect-->
                      <Template src="skin:effect_selector_buttons.xml">
                        <SetVariable name="Effect">1</SetVariable>
                      </Template>
                      <Template src="skin:effect_parameter_knob.xml">
                        <SetVariable name="Effect">1</SetVariable>
                        <SetVariable name="EffectParameter">1</SetVariable>
                        <SetVariable name="color">blue</SetVariable>
                      </Template>
                      <Template src="skin:effect_button_parameter.xml">
                        <SetVariable name="Effect">1</SetVariable>
                        <SetVariable name="EffectButtonParameter">1</SetVariable>
                      </Template>
                      <Template src="skin:effect_parameter_knob.xml">
                        <SetVariable name="Effect">1</SetVariable>
                        <SetVariable name="EffectParameter">2</SetVariable>
                        <SetVariable name="color">blue</SetVariable>
                      </Template>
                      <Template src="skin:effect_button_parameter.xml">
                        <SetVariable name="Effect">1</SetVariable>
                        <SetVariable name="EffectButtonParameter">2</SetVariable>
                      </Template>
                      <Template src="skin:effect_parameter_knob.xml">
                        <SetVariable name="Effect">1</SetVariable>
                        <SetVariable name="EffectParameter">3</SetVariable>
                        <SetVariable name="color">blue</SetVariable>
                      </Template>
                      <Template src="skin:effect_button_parameter.xml">
                        <SetVariable name="Effect">1</SetVariable>
                        <SetVariable name="EffectButtonParameter">3</SetVariable>
                      </Template>
                      <Template src="skin:effect_parameter_knob.xml">
                        <SetVariable name="Effect">1</SetVariable>
                        <SetVariable name="EffectParameter">4</SetVariable>
                        <SetVariable name="color">blue</SetVariable>
                      </Template>
                      <Template src="skin:effect_button_parameter.xml">
                        <SetVariable name="Effect">1</SetVariable>
                        <SetVariable name="EffectButtonParameter">4</SetVariable>
                      </Template>
                      <Template src="skin:effect_parameter_knob.xml">
                        <SetVariable name="Effect">1</SetVariable>
                        <SetVariable name="EffectParameter">5</SetVariable>
                        <SetVariable name="color">blue</SetVariable>
                      </Template>
                      <Template src="skin:effect_button_parameter.xml">
                        <SetVariable name="Effect">1</SetVariable>
                        <SetVariable name="EffectButtonParameter">5</SetVariable>
                      </Template>
                      <Template src="skin:effect_parameter_knob.xml">
                        <SetVariable name="Effect">1</SetVariable>
                        <SetVariable name="EffectParameter">6</SetVariable>
                        <SetVariable name="color">blue</SetVariable>
                      </Template>
                      <Template src="skin:effect_button_parameter.xml">
                        <SetVariable name="Effect">1</SetVariable>
                        <SetVariable name="EffectButtonParameter">6</SetVariable>
                      </Template>
                      <Template src="skin:effect_parameter_knob.xml">
                        <SetVariable name="Effect">1</SetVariable>
                        <SetVariable name="EffectParameter">7</SetVariable>
                        <SetVariable name="color">blue</SetVariable>
                      </Template>
                      <Template src="skin:effect_button_parameter.xml">
                        <SetVariable name="Effect">1</SetVariable>
                        <SetVariable name="EffectButtonParameter">7</SetVariable>
                      </Template>
                      <Template src="skin:effect_parameter_knob.xml">
                        <SetVariable name="Effect">1</SetVariable>
                        <SetVariable name="EffectParameter">8</SetVariable>
                        <SetVariable name="color">blue</SetVariable>
                      </Template>
                      <Template src="skin:effect_button_parameter.xml">
                        <SetVariable name="Effect">1</SetVariable>
                        <SetVariable name="EffectButtonParameter">8</SetVariable>
                      </Template>
                    </Children>
                  </WidgetGroup>
                </Children>
              </WidgetGroup>

              <WidgetGroup>
                <ObjectName>EffectUnitControlRow</ObjectName>
                <Layout>horizontal</Layout>
                <SizePolicy>min,min</SizePolicy>
                <Children>
                  <WidgetGroup>
                    <ObjectName>EffectUnitParameters</ObjectName>
                    <SizePolicy>me,max</SizePolicy>
                    <Layout>horizontal</Layout>
                    <Children>
                      <!-- Allow up to 8 parameters, needed to control the graphic eq effect-->
                      <Template src="skin:effect_selector_buttons.xml">
                        <SetVariable name="Effect">2</SetVariable>
                      </Template>
                      <Template src="skin:effect_parameter_knob.xml">
                        <SetVariable name="Effect">2</SetVariable>
                        <SetVariable name="EffectParameter">1</SetVariable>
                        <SetVariable name="color">blue</SetVariable>
                      </Template>
                      <Template src="skin:effect_button_parameter.xml">
                        <SetVariable name="Effect">2</SetVariable>
                        <SetVariable name="EffectButtonParameter">1</SetVariable>
                      </Template>
                      <Template src="skin:effect_parameter_knob.xml">
                        <SetVariable name="Effect">2</SetVariable>
                        <SetVariable name="EffectParameter">2</SetVariable>
                        <SetVariable name="color">blue</SetVariable>
                      </Template>
                      <Template src="skin:effect_button_parameter.xml">
                        <SetVariable name="Effect">2</SetVariable>
                        <SetVariable name="EffectButtonParameter">2</SetVariable>
                      </Template>
                      <Template src="skin:effect_parameter_knob.xml">
                        <SetVariable name="Effect">2</SetVariable>
                        <SetVariable name="EffectParameter">3</SetVariable>
                        <SetVariable name="color">blue</SetVariable>
                      </Template>
                      <Template src="skin:effect_button_parameter.xml">
                        <SetVariable name="Effect">2</SetVariable>
                        <SetVariable name="EffectButtonParameter">3</SetVariable>
                      </Template>
                      <Template src="skin:effect_parameter_knob.xml">
                        <SetVariable name="Effect">2</SetVariable>
                        <SetVariable name="EffectParameter">4</SetVariable>
                        <SetVariable name="color">blue</SetVariable>
                      </Template>
                      <Template src="skin:effect_button_parameter.xml">
                        <SetVariable name="Effect">2</SetVariable>
                        <SetVariable name="EffectButtonParameter">4</SetVariable>
                      </Template>
                      <Template src="skin:effect_parameter_knob.xml">
                        <SetVariable name="Effect">2</SetVariable>
                        <SetVariable name="EffectParameter">5</SetVariable>
                        <SetVariable name="color">blue</SetVariable>
                      </Template>
                      <Template src="skin:effect_button_parameter.xml">
                        <SetVariable name="Effect">2</SetVariable>
                        <SetVariable name="EffectButtonParameter">5</SetVariable>
                      </Template>
                      <Template src="skin:effect_parameter_knob.xml">
                        <SetVariable name="Effect">2</SetVariable>
                        <SetVariable name="EffectParameter">6</SetVariable>
                        <SetVariable name="color">blue</SetVariable>
                      </Template>
                      <Template src="skin:effect_button_parameter.xml">
                        <SetVariable name="Effect">2</SetVariable>
                        <SetVariable name="EffectButtonParameter">6</SetVariable>
                      </Template>
                      <Template src="skin:effect_parameter_knob.xml">
                        <SetVariable name="Effect">2</SetVariable>
                        <SetVariable name="EffectParameter">7</SetVariable>
                        <SetVariable name="color">blue</SetVariable>
                      </Template>
                      <Template src="skin:effect_button_parameter.xml">
                        <SetVariable name="Effect">2</SetVariable>
                        <SetVariable name="EffectButtonParameter">7</SetVariable>
                      </Template>
                      <Template src="skin:effect_parameter_knob.xml">
                        <SetVariable name="Effect">2</SetVariable>
                        <SetVariable name="EffectParameter">8</SetVariable>
                        <SetVariable name="color">blue</SetVariable>
                      </Template>
                      <Template src="skin:effect_button_parameter.xml">
                        <SetVariable name="Effect">2</SetVariable>
                        <SetVariable name="EffectButtonParameter">8</SetVariable>
                      </Template>
                    </Children>
                  </WidgetGroup>
                </Children>
              </WidgetGroup>

              <WidgetGroup>
                <ObjectName>EffectUnitControlRow</ObjectName>
                <Layout>horizontal</Layout>
                <SizePolicy>min,min</SizePolicy>
                <Children>
                  <WidgetGroup>
                    <ObjectName>EffectUnitParameters</ObjectName>
                    <SizePolicy>me,max</SizePolicy>
                    <Layout>horizontal</Layout>
                    <Children>
                      <!-- Allow up to 8 parameters, needed to control the graphic eq effect-->
                      <Template src="skin:effect_selector_buttons.xml">
                        <SetVariable name="Effect">3</SetVariable>
                      </Template>
                      <Template src="skin:effect_parameter_knob.xml">
                        <SetVariable name="Effect">3</SetVariable>
                        <SetVariable name="EffectParameter">1</SetVariable>
                        <SetVariable name="color">blue</SetVariable>
                      </Template>
                      <Template src="skin:effect_button_parameter.xml">
                        <SetVariable name="Effect">3</SetVariable>
                        <SetVariable name="EffectButtonParameter">1</SetVariable>
                      </Template>
                      <Template src="skin:effect_parameter_knob.xml">
                        <SetVariable name="Effect">3</SetVariable>
                        <SetVariable name="EffectParameter">2</SetVariable>
                        <SetVariable name="color">blue</SetVariable>
                      </Template>
                      <Template src="skin:effect_button_parameter.xml">
                        <SetVariable name="Effect">3</SetVariable>
                        <SetVariable name="EffectButtonParameter">2</SetVariable>
                      </Template>
                      <Template src="skin:effect_parameter_knob.xml">
                        <SetVariable name="Effect">3</SetVariable>
                        <SetVariable name="EffectParameter">3</SetVariable>
                        <SetVariable name="color">blue</SetVariable>
                      </Template>
                      <Template src="skin:effect_button_parameter.xml">
                        <SetVariable name="TooltipId">EffectSlot_button_parameter</SetVariable>
                        <SetVariable name="Effect">3</SetVariable>
                        <SetVariable name="EffectButtonParameter">3</SetVariable>
                      </Template>
                      <Template src="skin:effect_parameter_knob.xml">
                        <SetVariable name="Effect">3</SetVariable>
                        <SetVariable name="EffectParameter">4</SetVariable>
                        <SetVariable name="color">blue</SetVariable>
                      </Template>
                      <Template src="skin:effect_button_parameter.xml">
                        <SetVariable name="TooltipId">EffectSlot_button_parameter</SetVariable>
                        <SetVariable name="Effect">3</SetVariable>
                        <SetVariable name="EffectButtonParameter">4</SetVariable>
                      </Template>
                      <Template src="skin:effect_parameter_knob.xml">
                        <SetVariable name="Effect">3</SetVariable>
                        <SetVariable name="EffectParameter">5</SetVariable>
                        <SetVariable name="color">blue</SetVariable>
                      </Template>
                      <Template src="skin:effect_button_parameter.xml">
                        <SetVariable name="TooltipId">EffectSlot_button_parameter</SetVariable>
                        <SetVariable name="Effect">3</SetVariable>
                        <SetVariable name="EffectButtonParameter">5</SetVariable>
                      </Template>
                      <Template src="skin:effect_parameter_knob.xml">
                        <SetVariable name="Effect">3</SetVariable>
                        <SetVariable name="EffectParameter">6</SetVariable>
                        <SetVariable name="color">blue</SetVariable>
                      </Template>
                      <Template src="skin:effect_button_parameter.xml">
                        <SetVariable name="TooltipId">EffectSlot_button_parameter</SetVariable>
                        <SetVariable name="Effect">3</SetVariable>
                        <SetVariable name="EffectButtonParameter">6</SetVariable>
                      </Template>
                      <Template src="skin:effect_parameter_knob.xml">
                        <SetVariable name="Effect">3</SetVariable>
                        <SetVariable name="EffectParameter">7</SetVariable>
                        <SetVariable name="color">blue</SetVariable>
                      </Template>
                      <Template src="skin:effect_button_parameter.xml">
                        <SetVariable name="Effect">3</SetVariable>
                        <SetVariable name="EffectButtonParameter">7</SetVariable>
                      </Template>
                      <Template src="skin:effect_parameter_knob.xml">
                        <SetVariable name="Effect">3</SetVariable>
                        <SetVariable name="EffectParameter">8</SetVariable>
                        <SetVariable name="color">blue</SetVariable>
                      </Template>
                      <Template src="skin:effect_button_parameter.xml">
                        <SetVariable name="Effect">3</SetVariable>
                        <SetVariable name="EffectButtonParameter">8</SetVariable>
                      </Template>
                    </Children>
                  </WidgetGroup>
                </Children>
              </WidgetGroup>
            </Children>
          </WidgetGroup>
          <WidgetGroup>
            <ObjectName>EffectUnitControls</ObjectName>
            <Layout>vertical</Layout>
            <SizePolicy>me,max</SizePolicy>
            <Children>
              <Template src="skin:knob_with_label.xml">
                <SetVariable name="TooltipId">EffectUnit_super1</SetVariable>
                <SetVariable name="control">super1</SetVariable>
                <SetVariable name="label">Super</SetVariable>
                <SetVariable name="color">yellow</SetVariable>
              </Template>

              <Template src="skin:knob_with_label.xml">
                <SetVariable name="TooltipId">EffectUnit_mix</SetVariable>
                <SetVariable name="control">mix</SetVariable>
                <SetVariable name="label">Mix</SetVariable>
                <SetVariable name="color">blue</SetVariable>
              </Template>
            </Children>
          </WidgetGroup>
        </Children>
      </WidgetGroup>

      <WidgetGroup>
        <ObjectName>EffectUnitGroupControls</ObjectName>
        <SizePolicy>me,min</SizePolicy>
        <Layout>horizontal</Layout>
        <Children>
          <Template src="skin:effect_chain_group_control_button.xml">
            <SetVariable name="group_name">Head</SetVariable>
            <SetVariable name="group_group">[Headphone]</SetVariable>
          </Template>

          <Template src="skin:effect_chain_group_control_button.xml">
            <SetVariable name="group_name">Master</SetVariable>
            <SetVariable name="group_group">[Master]</SetVariable>
          </Template>

          <Template src="skin:effect_chain_group_control_button.xml">
            <SetVariable name="group_name">CH1</SetVariable>
            <SetVariable name="group_group">[Channel1]</SetVariable>
          </Template>

          <Template src="skin:effect_chain_group_control_button.xml">
            <SetVariable name="group_name">CH2</SetVariable>
            <SetVariable name="group_group">[Channel2]</SetVariable>
          </Template>

          <Template src="skin:effect_chain_group_control_button.xml">
            <SetVariable name="group_name">CH3</SetVariable>
            <SetVariable name="group_group">[Channel3]</SetVariable>
          </Template>

          <Template src="skin:effect_chain_group_control_button.xml">
            <SetVariable name="group_name">CH4</SetVariable>
            <SetVariable name="group_group">[Channel4]</SetVariable>
          </Template>

          <!-- Optionally display Mic 1-4 and Aux 1-4 FX arm buttons if these
               channels are configured in the Sound Hardware preferences.
                We have to use WidgetGroups here, because we can't connect
               <BindProperty> directly to templates. -->
          <WidgetGroup>
            <ObjectName>EffectUnitGroupControls</ObjectName>
            <Layout>horizontal</Layout>
            <SizePolicy>max,min</SizePolicy>
            <Children>
              <WidgetGroup>
                <Layout>vertical</Layout>
                <Children>
                  <Template src="skin:effect_chain_group_control_button.xml">
                    <SetVariable name="group_name">MIC1</SetVariable>
                    <SetVariable name="group_group">[Microphone]</SetVariable>
                  </Template>
                </Children>
                <Connection>
                  <ConfigKey>[Microphone],enabled</ConfigKey>
                  <BindProperty>visible</BindProperty>
                </Connection>
              </WidgetGroup>

              <WidgetGroup>
                <Layout>vertical</Layout>
                <Children>
                  <Template src="skin:effect_chain_group_control_button.xml">
                    <SetVariable name="group_name">MIC2</SetVariable>
                    <SetVariable name="group_group">[Microphone2]</SetVariable>
                  </Template>
                </Children>
                <Connection>
                  <ConfigKey>[Microphone2],enabled</ConfigKey>
                  <BindProperty>visible</BindProperty>
                </Connection>
              </WidgetGroup>

              <WidgetGroup>
                <Layout>vertical</Layout>
                <Children>
                  <Template src="skin:effect_chain_group_control_button.xml">
                    <SetVariable name="group_name">MIC3</SetVariable>
                    <SetVariable name="group_group">[Microphone3]</SetVariable>
                  </Template>
                </Children>
                <Connection>
                  <ConfigKey>[Microphone3],enabled</ConfigKey>
                  <BindProperty>visible</BindProperty>
                </Connection>
              </WidgetGroup>

              <WidgetGroup>
                <Layout>vertical</Layout>
                <Children>
                  <Template src="skin:effect_chain_group_control_button.xml">
                    <SetVariable name="group_name">MIC4</SetVariable>
                    <SetVariable name="group_group">[Microphone4]</SetVariable>
                  </Template>
                </Children>
                <Connection>
                  <ConfigKey>[Microphone4],enabled</ConfigKey>
                  <BindProperty>visible</BindProperty>
                </Connection>
              </WidgetGroup>

              <WidgetGroup>
                <Layout>vertical</Layout>
                  <Children>
                  <Template src="skin:effect_chain_group_control_button.xml">
                    <SetVariable name="group_name">Aux1</SetVariable>
                    <SetVariable name="group_group">[Auxiliary1]</SetVariable>
                  </Template>
                </Children>
                <Connection>
                  <ConfigKey>[Auxiliary1],enabled</ConfigKey>
                  <BindProperty>visible</BindProperty>
                </Connection>
              </WidgetGroup>

              <WidgetGroup>
                <Layout>vertical</Layout>
                  <Children>
                  <Template src="skin:effect_chain_group_control_button.xml">
                    <SetVariable name="group_name">Aux2</SetVariable>
                    <SetVariable name="group_group">[Auxiliary2]</SetVariable>
                  </Template>
                </Children>
                <Connection>
                  <ConfigKey>[Auxiliary2],enabled</ConfigKey>
                  <BindProperty>visible</BindProperty>
                </Connection>
              </WidgetGroup>

              <WidgetGroup>
                <Layout>vertical</Layout>
                  <Children>
                  <Template src="skin:effect_chain_group_control_button.xml">
                    <SetVariable name="group_name">Aux3</SetVariable>
                    <SetVariable name="group_group">[Auxiliary3]</SetVariable>
                  </Template>
                </Children>
                <Connection>
                  <ConfigKey>[Auxiliary3],enabled</ConfigKey>
                  <BindProperty>visible</BindProperty>
                </Connection>
              </WidgetGroup>

              <WidgetGroup>
                <Layout>vertical</Layout>
                  <Children>
                  <Template src="skin:effect_chain_group_control_button.xml">
                    <SetVariable name="group_name">Aux4</SetVariable>
                    <SetVariable name="group_group">[Auxiliary4]</SetVariable>
                  </Template>
                </Children>
                <Connection>
                  <ConfigKey>[Auxiliary4],enabled</ConfigKey>
                  <BindProperty>visible</BindProperty>
                </Connection>
              </WidgetGroup>

            </Children>
          </WidgetGroup>
        </Children>
      </WidgetGroup>
    </Children>
  </WidgetGroup>
</Template>
