<!DOCTYPE template>
<!--
  Description:
    A standard knob.
  Variables:
    control: The control to connect to.
    color: The color of the knobs marker.
-->
<Template>
  <KnobComposed>
    <TooltipId><Variable name="TooltipId"/></TooltipId>
    <Size>40f,34f</Size>
    <Knob>knob_<Variable name="color"/>.svg</Knob>
    <BackPath>knob_bg.svg</BackPath>
    <MinAngle>-135</MinAngle>
    <MaxAngle>135</MaxAngle>
    <KnobCenterYOffset>1.602</KnobCenterYOffset>
    <Connection>
      <ConfigKey><Variable name="group"/>,<Variable name="control"/></ConfigKey>
    </Connection>
  </KnobComposed>
</Template>
