<!DOCTYPE template>
<!--
  Description:
    Sample deck container widget.
-->
<Template>
  <WidgetGroup>
    <Layout>vertical</Layout>
    <!-- I don't now why this works but a WidgetGroup wrapper around a
         WidgetStack with a 'fixed' size policy makes the group track the
         minimum size of the current stack widget. -->
    <SizePolicy>me,f</SizePolicy>

    <Children>
      <WidgetStack>
        <ObjectName>SampleDecksContainer</ObjectName>
        <SizePolicy>me,min</SizePolicy>
        <Children>

          <!-- Collapsed SampleDecks -->
          <WidgetStack currentpage="[Deere],sampler_bank_current" persist="true">
            <NextControl>[Deere],sampler_bank_next</NextControl>
            <PrevControl>[Deere],sampler_bank_prev</PrevControl>
            <Children>
              <WidgetGroup trigger="[Deere],sampler_bank_1">
                <ObjectName>SampleDecksCollapsed</ObjectName>
                <Layout>horizontal</Layout>
                <SizePolicy>me,min</SizePolicy>
                <Children>
                  <WidgetGroup>
                    <Layout>vertical</Layout>
                    <ObjectName>ShowHideToggle</ObjectName>
                    <Children>
                      <Template src="skin:hide_show_button.xml">
                        <SetVariable name="object_name">SampleDeckToggle</SetVariable>
                        <SetVariable name="control">[Samplers],show_samplers</SetVariable>
                      </Template>
                    </Children>
                  </WidgetGroup>
                  <Template src="skin:sampler_simple.xml">
                    <SetVariable name="i">1</SetVariable>
                  </Template>
                  <Template src="skin:sampler_simple.xml">
                    <SetVariable name="i">2</SetVariable>
                  </Template>
                  <Template src="skin:sampler_simple.xml">
                    <SetVariable name="i">3</SetVariable>
                  </Template>
                  <Template src="skin:sampler_simple.xml">
                    <SetVariable name="i">4</SetVariable>
                  </Template>
                  <Template src="skin:sampler_bank_controls.xml"/>
                </Children>
              </WidgetGroup>

              <WidgetGroup trigger="[Deere],sampler_bank_2">
                <ObjectName>SampleDecksCollapsed</ObjectName>
                <Layout>horizontal</Layout>
                <SizePolicy>me,min</SizePolicy>
                <Children>
                  <Template src="skin:hide_show_button.xml">
                    <SetVariable name="object_name">SampleDeckToggle</SetVariable>
                    <SetVariable name="control">[Samplers],show_samplers</SetVariable>
                  </Template>
                  <Template src="skin:sampler_simple.xml">
                    <SetVariable name="i">5</SetVariable>
                  </Template>
                  <Template src="skin:sampler_simple.xml">
                    <SetVariable name="i">6</SetVariable>
                  </Template>
                  <Template src="skin:sampler_simple.xml">
                    <SetVariable name="i">7</SetVariable>
                  </Template>
                  <Template src="skin:sampler_simple.xml">
                    <SetVariable name="i">8</SetVariable>
                  </Template>
                  <Template src="skin:sampler_bank_controls.xml"/>
                </Children>
              </WidgetGroup>

              <WidgetGroup trigger="[Deere],sampler_bank_3">
                <ObjectName>SampleDecksCollapsed</ObjectName>
                <Layout>horizontal</Layout>
                <SizePolicy>me,min</SizePolicy>
                <Children>
                  <Template src="skin:hide_show_button.xml">
                    <SetVariable name="object_name">SampleDeckToggle</SetVariable>
                    <SetVariable name="control">[Samplers],show_samplers</SetVariable>
                  </Template>
                  <Template src="skin:sampler_simple.xml">
                    <SetVariable name="i">9</SetVariable>
                  </Template>
                  <Template src="skin:sampler_simple.xml">
                    <SetVariable name="i">10</SetVariable>
                  </Template>
                  <Template src="skin:sampler_simple.xml">
                    <SetVariable name="i">11</SetVariable>
                  </Template>
                  <Template src="skin:sampler_simple.xml">
                    <SetVariable name="i">12</SetVariable>
                  </Template>
                  <Template src="skin:sampler_bank_controls.xml"/>
                </Children>
              </WidgetGroup>

              <WidgetGroup trigger="[Deere],sampler_bank_4">
                <ObjectName>SampleDecksCollapsed</ObjectName>
                <Layout>horizontal</Layout>
                <SizePolicy>me,min</SizePolicy>
                <Children>
                  <Template src="skin:hide_show_button.xml">
                    <SetVariable name="object_name">SampleDeckToggle</SetVariable>
                    <SetVariable name="control">[Samplers],show_samplers</SetVariable>
                  </Template>
                  <Template src="skin:sampler_simple.xml">
                    <SetVariable name="i">13</SetVariable>
                  </Template>
                  <Template src="skin:sampler_simple.xml">
                    <SetVariable name="i">14</SetVariable>
                  </Template>
                  <Template src="skin:sampler_simple.xml">
                    <SetVariable name="i">15</SetVariable>
                  </Template>
                  <Template src="skin:sampler_simple.xml">
                    <SetVariable name="i">16</SetVariable>
                  </Template>
                  <Template src="skin:sampler_bank_controls.xml"/>
                </Children>
              </WidgetGroup>
            </Children>
          </WidgetStack>

          <!-- Expanded SampleDecks -->
          <WidgetStack trigger="[Samplers],show_samplers" currentpage="[Deere],sampler_bank_current" persist="true">
            <NextControl>[Deere],sampler_bank_next</NextControl>
            <PrevControl>[Deere],sampler_bank_prev</PrevControl>
            <Children>
              <WidgetGroup trigger="[Deere],sampler_bank_1">
                <ObjectName>SampleDecksExpanded</ObjectName>
                <SizePolicy>me,min</SizePolicy>
                <Layout>horizontal</Layout>
                <Children>
                  <WidgetGroup>
                    <Layout>vertical</Layout>
                    <ObjectName>ShowHideToggle</ObjectName>
                    <Children>
                      <Template src="skin:hide_show_button.xml">
                        <SetVariable name="object_name">SampleDeckToggle</SetVariable>
                        <SetVariable name="control">[Samplers],show_samplers</SetVariable>
                      </Template>
                    </Children>
                  </WidgetGroup>
                  <Template src="skin:sampler.xml">
                    <SetVariable name="i">1</SetVariable>
                  </Template>
                  <Template src="skin:sampler.xml">
                    <SetVariable name="i">2</SetVariable>
                  </Template>
                  <Template src="skin:sampler.xml">
                    <SetVariable name="i">3</SetVariable>
                  </Template>
                  <Template src="skin:sampler.xml">
                    <SetVariable name="i">4</SetVariable>
                  </Template>
                  <Template src="skin:sampler_bank_controls.xml"/>
                </Children>
              </WidgetGroup>

              <WidgetGroup trigger="[Deere],sampler_bank_2">
                <ObjectName>SampleDecksExpanded</ObjectName>
                <SizePolicy>me,min</SizePolicy>
                <Layout>horizontal</Layout>
                <Children>
                  <Template src="skin:hide_show_button.xml">
                    <SetVariable name="object_name">SampleDeckToggle</SetVariable>
                    <SetVariable name="control">[Samplers],show_samplers</SetVariable>
                  </Template>
                  <Template src="skin:sampler.xml">
                    <SetVariable name="i">5</SetVariable>
                  </Template>
                  <Template src="skin:sampler.xml">
                    <SetVariable name="i">6</SetVariable>
                  </Template>
                  <Template src="skin:sampler.xml">
                    <SetVariable name="i">7</SetVariable>
                  </Template>
                  <Template src="skin:sampler.xml">
                    <SetVariable name="i">8</SetVariable>
                  </Template>
                  <Template src="skin:sampler_bank_controls.xml"/>
                </Children>
              </WidgetGroup>

              <WidgetGroup trigger="[Deere],sampler_bank_3">
                <ObjectName>SampleDecksExpanded</ObjectName>
                <SizePolicy>me,min</SizePolicy>
                <Layout>horizontal</Layout>
                <Children>
                  <Template src="skin:hide_show_button.xml">
                    <SetVariable name="object_name">SampleDeckToggle</SetVariable>
                    <SetVariable name="control">[Samplers],show_samplers</SetVariable>
                  </Template>
                  <Template src="skin:sampler.xml">
                    <SetVariable name="i">9</SetVariable>
                  </Template>
                  <Template src="skin:sampler.xml">
                    <SetVariable name="i">10</SetVariable>
                  </Template>
                  <Template src="skin:sampler.xml">
                    <SetVariable name="i">11</SetVariable>
                  </Template>
                  <Template src="skin:sampler.xml">
                    <SetVariable name="i">12</SetVariable>
                  </Template>
                  <Template src="skin:sampler_bank_controls.xml"/>
                </Children>
              </WidgetGroup>

              <WidgetGroup trigger="[Deere],sampler_bank_4">
                <ObjectName>SampleDecksExpanded</ObjectName>
                <SizePolicy>me,min</SizePolicy>
                <Layout>horizontal</Layout>
                <Children>
                  <Template src="skin:hide_show_button.xml">
                    <SetVariable name="object_name">SampleDeckToggle</SetVariable>
                    <SetVariable name="control">[Samplers],show_samplers</SetVariable>
                  </Template>
                  <Template src="skin:sampler.xml">
                    <SetVariable name="i">13</SetVariable>
                  </Template>
                  <Template src="skin:sampler.xml">
                    <SetVariable name="i">14</SetVariable>
                  </Template>
                  <Template src="skin:sampler.xml">
                    <SetVariable name="i">15</SetVariable>
                  </Template>
                  <Template src="skin:sampler.xml">
                    <SetVariable name="i">16</SetVariable>
                  </Template>
                  <Template src="skin:sampler_bank_controls.xml"/>
                </Children>
              </WidgetGroup>
            </Children>
          </WidgetStack>

        </Children>
      </WidgetStack>
    </Children>
    <Connection>
      <ConfigKey>[Master],maximize_library</ConfigKey>
      <BindProperty>visible</BindProperty>
      <Transform>
        <Not/>
      </Transform>
    </Connection>
  </WidgetGroup>
</Template>
