<!DOCTYPE template>
<!--
  Description:
    A grid of beatloop controls with a loop double and halve on the left and right.
  Variables:
    group: The group for the controls.
-->
<Template>
  <WidgetGroup>
    <ObjectName>BeatLoopContainer</ObjectName>
    <Layout>horizontal</Layout>

    <MinimumSize>-1,-1</MinimumSize>
    <SizePolicy>min,max</SizePolicy>

    <Children>
      <!-- Grow to be as tall as the outer WidgetGroup -->
      
      <WidgetGroup>
        <Layout>vertical</Layout>
        <SizePolicy>min,min</SizePolicy>
        <Children>
          <WidgetGroup>
            <ObjectName>BeatLoopUpperRow</ObjectName>
            <Layout>horizontal</Layout>
            <SizePolicy>min,min</SizePolicy>
            <Children>
              <Template src="skin:beatloop_button.xml">
                <SetVariable name="control_length">0.125</SetVariable>
                <SetVariable name="text_length">1/8</SetVariable>
              </Template>

              <Template src="skin:beatloop_button.xml">
                <SetVariable name="control_length">0.25</SetVariable>
                <SetVariable name="text_length">1/4</SetVariable>
              </Template>

              <Template src="skin:beatloop_button.xml">
                <SetVariable name="control_length">0.5</SetVariable>
                <SetVariable name="text_length">1/2</SetVariable>
              </Template>

              <Template src="skin:beatloop_button.xml">
                <SetVariable name="control_length">1</SetVariable>
                <SetVariable name="text_length">1</SetVariable>
              </Template>

	      <Template src="skin:beatloop_button.xml">
                <SetVariable name="control_length">2</SetVariable>
                <SetVariable name="text_length">2</SetVariable>
              </Template>
            </Children>
          </WidgetGroup>

        </Children>
      </WidgetGroup>

      <!-- Grow to be as tall as the outer WidgetGroup -->
      
    </Children>
  </WidgetGroup>
</Template>
