<!DOCTYPE template>
<!--
  Description:
    Deck inner column.
  Variables:
    group: The deck group.
-->
<Template>
  <WidgetGroup>
    <ObjectName>Deck<Variable name="i"/>InnerColumn</ObjectName>
    <Layout>vertical</Layout>
    <SizePolicy>max,min</SizePolicy>
    <Children>

      <!-- Disabled because Master Sync is not fully supported yet, see lp:1403232
      <Template src="skin:left_2state_button.xml">
        <SetVariable name="TooltipId">sync_master</SetVariable>
        <SetVariable name="ObjectName">DeckSyncMaster</SetVariable>
        <SetVariable name="MinimumSize"><Variable name="HorizontalStretchButtonMinimumSize"/></SetVariable>
        <SetVariable name="MaximumSize"><Variable name="HorizontalStretchButtonMaximumSize"/></SetVariable>
        <SetVariable name="SizePolicy"><Variable name="HorizontalStretchButtonSizePolicy"/></SetVariable>
        <SetVariable name="state_0_text">Master</SetVariable>
        <SetVariable name="state_0_pressed"></SetVariable>
        <SetVariable name="state_0_unpressed"></SetVariable>
        <SetVariable name="state_1_text">Master</SetVariable>
        <SetVariable name="state_1_pressed"></SetVariable>
        <SetVariable name="state_1_unpressed"></SetVariable>
        <SetVariable name="left_connection_control"><Variable name="group"/>,sync_master</SetVariable>
      </Template>
      -->

	<NumberRate>
     <TooltipId>rate_display</TooltipId>
     <Style>font: bold 11px</Style>
     <Group><Variable name="group"/></Group>
      </NumberRate>

      <SliderComposed>
        <TooltipId>rate</TooltipId>
        <MinimumSize>36,50</MinimumSize>
        <MaximumSize>36,-1</MaximumSize>
        <SizePolicy>,me</SizePolicy>
        <Slider scalemode="STRETCH">slider-vertical.svg</Slider>
        <Handle scalemode="STRETCH_ASPECT">handle-vertical.svg</Handle>
        <Connection>
          <ConfigKey><Variable name="group"/>,rate</ConfigKey>
        </Connection>
      </SliderComposed>

      

      <Template src="skin:spacer_vx.xml">
        <SetVariable name="height">8</SetVariable>
      </Template>

     <Template src="skin:left_right_display_2state_button.xml">
        <SetVariable name="TooltipId">cue_default_cue_gotoandstop</SetVariable>
        <SetVariable name="ObjectName">DeckCue</SetVariable>
        <SetVariable name="MinimumSize"><Variable name="HorizontalStretchButtonMinimumSize"/></SetVariable>
        <SetVariable name="MaximumSize"><Variable name="HorizontalStretchButtonMaximumSize"/></SetVariable>
        <SetVariable name="SizePolicy"><Variable name="HorizontalStretchButtonSizePolicy"/></SetVariable>
        <SetVariable name="LeftClickIsPushButton">true</SetVariable>
        <SetVariable name="RightClickIsPushButton">true</SetVariable>
        <SetVariable name="state_0_text">CUE</SetVariable>
        <SetVariable name="state_0_pressed"></SetVariable>
        <SetVariable name="state_0_unpressed"></SetVariable>
        <SetVariable name="state_1_text">CUE</SetVariable>
        <SetVariable name="state_1_pressed"></SetVariable>
        <SetVariable name="state_1_unpressed"></SetVariable>
        <SetVariable name="left_connection_control"><Variable name="group"/>,cue_default</SetVariable>
        <SetVariable name="right_connection_control"><Variable name="group"/>,cue_gotoandstop</SetVariable>
        <SetVariable name="display_connection_control"><Variable name="group"/>,cue_indicator</SetVariable>
      </Template>

      <Template src="skin:left_right_display_2state_button.xml">
        <SetVariable name="TooltipId">play_cue_set</SetVariable>
        <SetVariable name="ObjectName">PlayToggle</SetVariable>
        <SetVariable name="MinimumSize"><Variable name="HorizontalStretchButtonMinimumSize"/></SetVariable>
        <SetVariable name="MaximumSize"><Variable name="HorizontalStretchButtonMaximumSize"/></SetVariable>
        <SetVariable name="SizePolicy"><Variable name="HorizontalStretchButtonSizePolicy"/></SetVariable>
        <SetVariable name="LeftClickIsPushButton">false</SetVariable>
        <SetVariable name="RightClickIsPushButton">false</SetVariable>
        <SetVariable name="state_0_text"></SetVariable>
        <SetVariable name="state_0_pressed">icon/ic_play_48px.svg</SetVariable>
        <SetVariable name="state_0_unpressed">icon/ic_play_48px.svg</SetVariable>
        <SetVariable name="state_1_text"></SetVariable>
        <SetVariable name="state_1_pressed">icon/ic_play_48px.svg</SetVariable>
        <SetVariable name="state_1_unpressed">icon/ic_play_48px.svg</SetVariable>
        <SetVariable name="left_connection_control"><Variable name="group"/>,play</SetVariable>
        <SetVariable name="right_connection_control"><Variable name="group"/>,cue_set</SetVariable>
        <SetVariable name="display_connection_control"><Variable name="group"/>,play_indicator</SetVariable>
      </Template>
    </Children>
  </WidgetGroup>
</Template>
