<!DOCTYPE template>
<!--
  Description:
    An effect rack widget.
  Variables:
    group: The group for the controls.
-->
<Template>
  <WidgetGroup>
    <Layout>vertical</Layout>
    <!-- I don't now why this works but a WidgetGroup wrapper around a
         WidgetStack with a 'fixed' size policy makes the group track the
         minimum size of the current stack widget. -->
    <SizePolicy>me,f</SizePolicy>
    <Children>
      <WidgetStack>
        <ObjectName>EffectRackContainer</ObjectName>
        <SizePolicy>me,min</SizePolicy>
        <Children>
          <!-- Collapsed EffectRack -->
          <WidgetGroup>
            <ObjectName>EffectRackCollapsed</ObjectName>
            <Layout>horizontal</Layout>
            <MinimumSize>-1,50</MinimumSize>
            <MaximumSize>-1,50</MaximumSize>
            <SizePolicy>me,f</SizePolicy>
            <Children>
              <WidgetGroup>
                <Layout>vertical</Layout>
                <ObjectName>ShowHideToggle</ObjectName>
                <Children>
                  <Template src="skin:hide_show_button.xml">
                    <SetVariable name="object_name">EffectRackToggle</SetVariable>
                    <SetVariable name="control">[EffectRack1],show</SetVariable>
                  </Template>
                </Children>
              </WidgetGroup>

              <Template src="skin:effect_chain_simple.xml">
                <SetVariable name="EffectRack">1</SetVariable>
                <SetVariable name="EffectUnit">1</SetVariable>
              </Template>

              <Template src="skin:effect_chain_simple.xml">
                <SetVariable name="EffectRack">1</SetVariable>
                <SetVariable name="EffectUnit">2</SetVariable>
              </Template>

              <Template src="skin:effect_chain_simple.xml">
                <SetVariable name="EffectRack">1</SetVariable>
                <SetVariable name="EffectUnit">3</SetVariable>
              </Template>

              <Template src="skin:effect_chain_simple.xml">
                <SetVariable name="EffectRack">1</SetVariable>
                <SetVariable name="EffectUnit">4</SetVariable>
              </Template>
            </Children>
          </WidgetGroup>

          <!-- Expanded EffectRack -->
          <WidgetGroup trigger="[EffectRack1],show">
            <ObjectName>EffectRackExpanded</ObjectName>
            <SizePolicy>me,min</SizePolicy>
            <Layout>horizontal</Layout>
            <Children>
              <WidgetGroup>
                <Layout>vertical</Layout>
                <ObjectName>ShowHideToggle</ObjectName>
                <Children>
                  <Template src="skin:hide_show_button.xml">
                    <SetVariable name="object_name">EffectRackToggle</SetVariable>
                    <SetVariable name="control">[EffectRack1],show</SetVariable>
                  </Template>
                </Children>
              </WidgetGroup>

              <Template src="skin:effect_chain.xml">
                <SetVariable name="EffectRack">1</SetVariable>
                <SetVariable name="EffectUnit">1</SetVariable>
              </Template>

              <Template src="skin:effect_chain.xml">
                <SetVariable name="EffectRack">1</SetVariable>
                <SetVariable name="EffectUnit">2</SetVariable>
              </Template>

              <Template src="skin:effect_chain.xml">
                <SetVariable name="EffectRack">1</SetVariable>
                <SetVariable name="EffectUnit">3</SetVariable>
              </Template>

              <Template src="skin:effect_chain.xml">
                <SetVariable name="EffectRack">1</SetVariable>
                <SetVariable name="EffectUnit">4</SetVariable>
              </Template>
            </Children>
          </WidgetGroup>
        </Children>
      </WidgetStack>
    </Children>
    <Connection>
      <ConfigKey>[Master],maximize_library</ConfigKey>
      <BindProperty>visible</BindProperty>
      <Transform>
        <Not/>
      </Transform>
    </Connection>
  </WidgetGroup>
</Template>
