<!DOCTYPE template>
<!--
  Description:
    An individual hotcue button.
  Variables:
    group: The group for the controls.
    hotcue: The 1-indexed number of the hotcue.
    SmallSquareButtonSize: the button size
-->
<Template>
  <Template src="skin:left_right_display_2state_button.xml">
    <SetVariable name="TooltipId">hotcue</SetVariable>
    <SetVariable name="ObjectName">HotcueButton</SetVariable>
    <SetVariable name="MinimumSize"><Variable name="SquareButtonMinimumSize"/></SetVariable>
    <SetVariable name="MaximumSize"><Variable name="SquareButtonMaximumSize"/></SetVariable>
    <SetVariable name="SizePolicy"><Variable name="SquareButtonSizePolicy"/></SetVariable>
    <SetVariable name="state_0_pressed"></SetVariable>
    <SetVariable name="state_0_unpressed"></SetVariable>
    <SetVariable name="state_0_text"><Variable name="hotcue"/></SetVariable>
    <SetVariable name="state_1_pressed"></SetVariable>
    <SetVariable name="state_1_unpressed"></SetVariable>
    <SetVariable name="state_1_text"><Variable name="hotcue"/></SetVariable>
    <SetVariable name="right_connection_control"><Variable name="group"/>,hotcue_<Variable name="hotcue"/>_activate</SetVariable>
    <SetVariable name="left_connection_control"><Variable name="group"/>,hotcue_<Variable name="hotcue"/>_clear</SetVariable>
    <SetVariable name="display_connection_control"><Variable name="group"/>,hotcue_<Variable name="hotcue"/>_enabled</SetVariable>
  </Template>
</Template>
