<!DOCTYPE template>
<!--
  Description:
    Looping controls (in, out, reloop, loop move).
  Variables:
    group: The group for the controls.
-->
<Template>
  <WidgetGroup>
    <ObjectName>LoopingContainer</ObjectName>
    <Layout>vertical</Layout>
    <SizePolicy>max,max</SizePolicy>
    <Children>
      <WidgetGroup>
        <Layout>horizontal</Layout>
        <Children>
          <Template src="skin:left_1state_button.xml">
            <SetVariable name="TooltipId">loop_in</SetVariable>
            <SetVariable name="ObjectName">LoopIn</SetVariable>
            <SetVariable name="MinimumSize"><Variable name="SquareButtonMinimumSize"/></SetVariable>
            <SetVariable name="MaximumSize"><Variable name="SquareButtonMaximumSize"/></SetVariable>
            <SetVariable name="SizePolicy"><Variable name="SquareButtonSizePolicy"/></SetVariable>
            <SetVariable name="state_0_text"></SetVariable>
            <SetVariable name="state_0_pressed">icon/ic_loop_in_48px.svg</SetVariable>
            <SetVariable name="state_0_unpressed">icon/ic_loop_in_48px.svg</SetVariable>
            <SetVariable name="left_connection_control"><Variable name="group"/>,loop_in</SetVariable>
          </Template>

          <Template src="skin:left_1state_button.xml">
            <SetVariable name="TooltipId">loop_out</SetVariable>
            <SetVariable name="ObjectName">LoopOut</SetVariable>
            <SetVariable name="MinimumSize"><Variable name="SquareButtonMinimumSize"/></SetVariable>
            <SetVariable name="MaximumSize"><Variable name="SquareButtonMaximumSize"/></SetVariable>
            <SetVariable name="SizePolicy"><Variable name="SquareButtonSizePolicy"/></SetVariable>
            <SetVariable name="state_0_text"></SetVariable>
            <SetVariable name="state_0_pressed">icon/ic_loop_out_48px.svg</SetVariable>
            <SetVariable name="state_0_unpressed">icon/ic_loop_out_48px.svg</SetVariable>
            <SetVariable name="left_connection_control"><Variable name="group"/>,loop_out</SetVariable>
          </Template>

          <Template src="skin:left_display_2state_button.xml">
            <SetVariable name="TooltipId">reloop_exit</SetVariable>
            <SetVariable name="ObjectName">ReloopExit</SetVariable>
            <SetVariable name="MinimumSize"><Variable name="SquareButtonMinimumSize"/></SetVariable>
            <SetVariable name="MaximumSize"><Variable name="SquareButtonMaximumSize"/></SetVariable>
            <SetVariable name="SizePolicy"><Variable name="SquareButtonSizePolicy"/></SetVariable>
            <SetVariable name="state_0_text"></SetVariable>
            <SetVariable name="state_0_pressed">icon/ic_loop_48px.svg</SetVariable>
            <SetVariable name="state_0_unpressed">icon/ic_loop_48px.svg</SetVariable>
            <SetVariable name="state_1_text"></SetVariable>
            <SetVariable name="state_1_pressed">icon/ic_loop_48px.svg</SetVariable>
            <SetVariable name="state_1_unpressed">icon/ic_loop_48px.svg</SetVariable>
            <SetVariable name="left_connection_control"><Variable name="group"/>,reloop_exit</SetVariable>
            <SetVariable name="display_connection_control"><Variable name="group"/>,loop_enabled</SetVariable>
          </Template>
        </Children>
      </WidgetGroup>

      <WidgetGroup>
        <Layout>horizontal</Layout>
        <Children>
          <Template src="skin:loopmove.xml"/>
        </Children>
      </WidgetGroup>
    </Children>
  </WidgetGroup>
</Template>
