<!DOCTYPE template>
<!--
  Description:
    The right gutter.
-->
<Template>
  <WidgetGroup>
    <ObjectName>RightGutter</ObjectName>
    <Layout>vertical</Layout>
    <SizePolicy>me,min</SizePolicy>
    <Children>
      <Template src="skin:spacer.xml"/>
      <Template src="skin:deck_right.xml">
        <SetVariable name="i">2</SetVariable>
        <!-- Traditional Orange -->
        <SetVariable name="DeckSignalColor">#E67A00</SetVariable>
        <SetVariable name="DeckBackgroundColor">#333333</SetVariable>
      </Template>

      <WidgetGroup>
        <Layout>horizontal</Layout>
        <Children>
          <Template src="skin:deck_right.xml">
            <SetVariable name="i">4</SetVariable>
            <!-- Lime -->
            <SetVariable name="DeckSignalColor">#AABD00</SetVariable>
            <SetVariable name="DeckBackgroundColor">#333333</SetVariable>
          </Template>
        </Children>
        <Connection>
          <ConfigKey persist="true">[Master],show_4decks</ConfigKey>
          <BindProperty>visible</BindProperty>
        </Connection>
      </WidgetGroup>
      <Template src="skin:spacer.xml"/>
    </Children>
  </WidgetGroup>
</Template>
