<!DOCTYPE template>
<!--
  Description:
    Sampler bank controls row column.
    Allows to show/hide single sampler bank 1-4 in the sampler rack, and to load
    and save sampler bank configurations.
  Variables:
-->
<Template>
  <!-- Controls used when in simple sampler view -->
  <WidgetGroup>
    <ObjectName>SamplerBankContainer</ObjectName>
    <Layout>horizontal</Layout>
    <SizePolicy>min,f</SizePolicy>
    <Children>
      <Label>
        <ObjectName>SamplerBankLabel</ObjectName>
        <Text>Bank</Text>
      </Label>

      <Template src="skin:left_2state_button.xml">
        <!-- TODO(jus): Add missing string to src/skin/tooltips.cpp -->
        <SetVariable name="TooltipId"></SetVariable>
        <SetVariable name="ObjectName">SamplerBankToggle</SetVariable>
        <SetVariable name="MinimumSize"><Variable name="SquareButtonMinimumSize"/></SetVariable>
        <SetVariable name="MaximumSize"><Variable name="SquareButtonMaximumSize"/></SetVariable>
        <SetVariable name="SizePolicy"><Variable name="SquareButtonSizePolicy"/></SetVariable>
        <SetVariable name="state_0_text">1</SetVariable>
        <SetVariable name="state_0_pressed"></SetVariable>
        <SetVariable name="state_0_unpressed"></SetVariable>
        <SetVariable name="state_1_text">1</SetVariable>
        <SetVariable name="state_1_pressed"></SetVariable>
        <SetVariable name="state_1_unpressed"></SetVariable>
        <SetVariable name="left_connection_control">[Deere],sampler_bank_1</SetVariable>
      </Template>

      <Template src="skin:left_2state_button.xml">
        <!-- TODO(jus): Add missing string to src/skin/tooltips.cpp -->
        <SetVariable name="TooltipId"></SetVariable>
        <SetVariable name="ObjectName">SamplerBankToggle</SetVariable>
        <SetVariable name="MinimumSize"><Variable name="SquareButtonMinimumSize"/></SetVariable>
        <SetVariable name="MaximumSize"><Variable name="SquareButtonMaximumSize"/></SetVariable>
        <SetVariable name="SizePolicy"><Variable name="SquareButtonSizePolicy"/></SetVariable>
        <SetVariable name="state_0_text">2</SetVariable>
        <SetVariable name="state_0_pressed"></SetVariable>
        <SetVariable name="state_0_unpressed"></SetVariable>
        <SetVariable name="state_1_text">2</SetVariable>
        <SetVariable name="state_1_pressed"></SetVariable>
        <SetVariable name="state_1_unpressed"></SetVariable>
        <SetVariable name="left_connection_control">[Deere],sampler_bank_2</SetVariable>
      </Template>

      <Template src="skin:left_2state_button.xml">
        <!-- TODO(jus): Add missing string to src/skin/tooltips.cpp -->
        <SetVariable name="TooltipId"></SetVariable>
        <SetVariable name="ObjectName">SamplerBankToggle</SetVariable>
        <SetVariable name="MinimumSize"><Variable name="SquareButtonMinimumSize"/></SetVariable>
        <SetVariable name="MaximumSize"><Variable name="SquareButtonMaximumSize"/></SetVariable>
        <SetVariable name="SizePolicy"><Variable name="SquareButtonSizePolicy"/></SetVariable>
        <SetVariable name="state_0_text">3</SetVariable>
        <SetVariable name="state_0_pressed"></SetVariable>
        <SetVariable name="state_0_unpressed"></SetVariable>
        <SetVariable name="state_1_text">3</SetVariable>
        <SetVariable name="state_1_pressed"></SetVariable>
        <SetVariable name="state_1_unpressed"></SetVariable>
        <SetVariable name="left_connection_control">[Deere],sampler_bank_3</SetVariable>
      </Template>

      <Template src="skin:left_2state_button.xml">
        <!-- TODO(jus): Add missing string to src/skin/tooltips.cpp -->
        <SetVariable name="TooltipId"></SetVariable>
        <SetVariable name="ObjectName">SamplerBankToggle</SetVariable>
        <SetVariable name="MinimumSize"><Variable name="SquareButtonMinimumSize"/></SetVariable>
        <SetVariable name="MaximumSize"><Variable name="SquareButtonMaximumSize"/></SetVariable>
        <SetVariable name="SizePolicy"><Variable name="SquareButtonSizePolicy"/></SetVariable>
        <SetVariable name="state_0_text">4</SetVariable>
        <SetVariable name="state_0_pressed"></SetVariable>
        <SetVariable name="state_0_unpressed"></SetVariable>
        <SetVariable name="state_1_text">4</SetVariable>
        <SetVariable name="state_1_pressed"></SetVariable>
        <SetVariable name="state_1_unpressed"></SetVariable>
        <SetVariable name="left_connection_control">[Deere],sampler_bank_4</SetVariable>
      </Template>
    </Children>
    <Connection>
      <ConfigKey>[Samplers],show_samplers</ConfigKey>
      <BindProperty>visible</BindProperty>
      <Transform>
        <Not/>
      </Transform>
    </Connection>
  </WidgetGroup>

  <!-- Controls used when in advanced sampler view -->
  <WidgetGroup>
    <ObjectName>SamplerBankContainer</ObjectName>
    <Layout>vertical</Layout>
    <Children>
      <Label>
        <ObjectName>SamplerBankLabel</ObjectName>
        <Text>Bank</Text>
      </Label>

      <WidgetGroup>
        <Layout>horizontal</Layout>
        <Children>
          <Template src="skin:left_2state_button.xml">
            <!-- TODO(jus): Add missing string to src/skin/tooltips.cpp -->
            <SetVariable name="TooltipId"></SetVariable>
            <SetVariable name="ObjectName">SamplerBankToggle</SetVariable>
            <SetVariable name="MinimumSize"><Variable name="SquareButtonMinimumSize"/></SetVariable>
            <SetVariable name="MaximumSize"><Variable name="SquareButtonMaximumSize"/></SetVariable>
            <SetVariable name="SizePolicy"><Variable name="SquareButtonSizePolicy"/></SetVariable>
            <SetVariable name="state_0_text">1</SetVariable>
            <SetVariable name="state_0_pressed"></SetVariable>
            <SetVariable name="state_0_unpressed"></SetVariable>
            <SetVariable name="state_1_text">1</SetVariable>
            <SetVariable name="state_1_pressed"></SetVariable>
            <SetVariable name="state_1_unpressed"></SetVariable>
            <SetVariable name="left_connection_control">[Deere],sampler_bank_1</SetVariable>
          </Template>
          <Template src="skin:left_2state_button.xml">
            <!-- TODO(jus): Add missing string to src/skin/tooltips.cpp -->
            <SetVariable name="TooltipId"></SetVariable>
            <SetVariable name="ObjectName">SamplerBankToggle</SetVariable>
            <SetVariable name="MinimumSize"><Variable name="SquareButtonMinimumSize"/></SetVariable>
            <SetVariable name="MaximumSize"><Variable name="SquareButtonMaximumSize"/></SetVariable>
            <SetVariable name="SizePolicy"><Variable name="SquareButtonSizePolicy"/></SetVariable>
            <SetVariable name="state_0_text">2</SetVariable>
            <SetVariable name="state_0_pressed"></SetVariable>
            <SetVariable name="state_0_unpressed"></SetVariable>
            <SetVariable name="state_1_text">2</SetVariable>
            <SetVariable name="state_1_pressed"></SetVariable>
            <SetVariable name="state_1_unpressed"></SetVariable>
            <SetVariable name="left_connection_control">[Deere],sampler_bank_2</SetVariable>
          </Template>
        </Children>
      </WidgetGroup>

      <WidgetGroup>
        <Layout>horizontal</Layout>
        <Children>
          <Template src="skin:left_2state_button.xml">
            <!-- TODO(jus): Add missing string to src/skin/tooltips.cpp -->
            <SetVariable name="TooltipId"></SetVariable>
            <SetVariable name="ObjectName">SamplerBankToggle</SetVariable>
            <SetVariable name="MinimumSize"><Variable name="SquareButtonMinimumSize"/></SetVariable>
            <SetVariable name="MaximumSize"><Variable name="SquareButtonMaximumSize"/></SetVariable>
            <SetVariable name="SizePolicy"><Variable name="SquareButtonSizePolicy"/></SetVariable>
            <SetVariable name="state_0_text">3</SetVariable>
            <SetVariable name="state_0_pressed"></SetVariable>
            <SetVariable name="state_0_unpressed"></SetVariable>
            <SetVariable name="state_1_text">3</SetVariable>
            <SetVariable name="state_1_pressed"></SetVariable>
            <SetVariable name="state_1_unpressed"></SetVariable>
            <SetVariable name="left_connection_control">[Deere],sampler_bank_3</SetVariable>
          </Template>
          <Template src="skin:left_2state_button.xml">
            <!-- TODO(jus): Add missing string to src/skin/tooltips.cpp -->
            <SetVariable name="TooltipId"></SetVariable>
            <SetVariable name="ObjectName">SamplerBankToggle</SetVariable>
            <SetVariable name="MinimumSize"><Variable name="SquareButtonMinimumSize"/></SetVariable>
            <SetVariable name="MaximumSize"><Variable name="SquareButtonMaximumSize"/></SetVariable>
            <SetVariable name="SizePolicy"><Variable name="SquareButtonSizePolicy"/></SetVariable>
            <SetVariable name="state_0_text">4</SetVariable>
            <SetVariable name="state_0_pressed"></SetVariable>
            <SetVariable name="state_0_unpressed"></SetVariable>
            <SetVariable name="state_1_text">4</SetVariable>
            <SetVariable name="state_1_pressed"></SetVariable>
            <SetVariable name="state_1_unpressed"></SetVariable>
            <SetVariable name="left_connection_control">[Deere],sampler_bank_4</SetVariable>
          </Template>
        </Children>
      </WidgetGroup>

      <Template src="skin:spacer_v.xml"/>

      <WidgetGroup>
        <Layout>vertical</Layout>
        <Children>
          <Template src="skin:left_1state_button.xml">
            <!-- TODO(jus): Add missing string to src/skin/tooltips.cpp -->
            <SetVariable name="TooltipId"></SetVariable>
            <SetVariable name="ObjectName">SamplerBankLoadButton</SetVariable>
            <SetVariable name="MinimumSize"><Variable name="WideButtonMinimumSize"/></SetVariable>
            <SetVariable name="MaximumSize"><Variable name="WideButtonMaximumSize"/></SetVariable>
            <SetVariable name="SizePolicy"><Variable name="WideButtonSizePolicy"/></SetVariable>
            <SetVariable name="state_0_text">Load</SetVariable>
            <SetVariable name="state_0_pressed"></SetVariable>
            <SetVariable name="state_0_unpressed"></SetVariable>
            <SetVariable name="left_connection_control">[Sampler],LoadSamplerBank</SetVariable>
          </Template>

          <Template src="skin:left_1state_button.xml">
            <!-- TODO(jus): Add missing string to src/skin/tooltips.cpp -->
            <SetVariable name="TooltipId"></SetVariable>
            <SetVariable name="ObjectName">SamplerBankSaveButton</SetVariable>
            <SetVariable name="MinimumSize"><Variable name="WideButtonMinimumSize"/></SetVariable>
            <SetVariable name="MaximumSize"><Variable name="WideButtonMaximumSize"/></SetVariable>
            <SetVariable name="SizePolicy"><Variable name="WideButtonSizePolicy"/></SetVariable>
            <SetVariable name="state_0_text">Save</SetVariable>
            <SetVariable name="state_0_pressed"></SetVariable>
            <SetVariable name="state_0_unpressed"></SetVariable>
            <SetVariable name="left_connection_control">[Sampler],SaveSamplerBank</SetVariable>
          </Template>
        </Children>
      </WidgetGroup>
    </Children>
    <Connection>
      <ConfigKey>[Samplers],show_samplers</ConfigKey>
      <BindProperty>visible</BindProperty>
    </Connection>
  </WidgetGroup>
</Template>
