<!DOCTYPE template>
<!--
  Description:
    A stack of beatjump controls that jump forward or backward by X beats.
  Variables:
    group: The group for the controls.
-->
<Template>
  <WidgetStack>
    <ObjectName>BeatJumpContainer</ObjectName>
    <Layout>horizontal</Layout>
    <MinimumSize>-1,-1</MinimumSize>
    <SizePolicy>max,max</SizePolicy>
    <NextControl>[BeatJump],next</NextControl>
    <PrevControl>[BeatJump],prev</PrevControl>
    <Children>
      <!-- Set jumping 4 beats as default for audible effect on first try. Later user changes persist. -->
       <WidgetGroup>
         <Layout>horizontal</Layout>
         <Children>
           <Template src="skin:beatjump_button.xml">
             <SetVariable name="control_length">4</SetVariable>
             <SetVariable name="text_length"></SetVariable>
             <SetVariable name="state_0_pressed">icon/ic_beatjump_backward_48px.svg</SetVariable>
             <SetVariable name="state_0_unpressed">icon/ic_beatjump_backward_48px.svg</SetVariable>
             <SetVariable name="direction">backward</SetVariable>
           </Template>

           <Template src="skin:left_right_1state_button.xml">
             <SetVariable name="ObjectName">BeatJumpValue</SetVariable>
             <SetVariable name="MinimumSize"><Variable name="SquareButtonMinimumSize"/></SetVariable>
             <SetVariable name="MaximumSize"><Variable name="SquareButtonMaximumSize"/></SetVariable>
             <SetVariable name="SizePolicy"><Variable name="SquareButtonSizePolicy"/></SetVariable>
             <SetVariable name="state_0_text">4</SetVariable>
             <SetVariable name="state_0_pressed"></SetVariable>
             <SetVariable name="state_0_unpressed"></SetVariable>
             <SetVariable name="left_connection_control">[BeatJump],next</SetVariable>
             <SetVariable name="right_connection_control">[BeatJump],prev</SetVariable>
           </Template>

           <Template src="skin:beatjump_button.xml">
             <SetVariable name="control_length">4</SetVariable>
             <SetVariable name="text_length"></SetVariable>
             <SetVariable name="state_0_pressed">icon/ic_beatjump_forward_48px.svg</SetVariable>
             <SetVariable name="state_0_unpressed">icon/ic_beatjump_forward_48px.svg</SetVariable>
             <SetVariable name="direction">forward</SetVariable>
           </Template>
         </Children>
       </WidgetGroup>

       <WidgetGroup>
         <Layout>horizontal</Layout>
         <Children>
           <Template src="skin:beatjump_button.xml">
             <SetVariable name="control_length">8</SetVariable>
             <SetVariable name="text_length"></SetVariable>
             <SetVariable name="state_0_pressed">icon/ic_beatjump_backward_48px.svg</SetVariable>
             <SetVariable name="state_0_unpressed">icon/ic_beatjump_backward_48px.svg</SetVariable>
             <SetVariable name="direction">backward</SetVariable>
           </Template>

          <Template src="skin:left_right_1state_button.xml">
             <SetVariable name="ObjectName">BeatJumpValue</SetVariable>
             <SetVariable name="MinimumSize"><Variable name="SquareButtonMinimumSize"/></SetVariable>
             <SetVariable name="MaximumSize"><Variable name="SquareButtonMaximumSize"/></SetVariable>
             <SetVariable name="SizePolicy"><Variable name="SquareButtonSizePolicy"/></SetVariable>
             <SetVariable name="state_0_text">8</SetVariable>
             <SetVariable name="state_0_pressed"></SetVariable>
             <SetVariable name="state_0_unpressed"></SetVariable>
             <SetVariable name="left_connection_control">[BeatJump],next</SetVariable>
             <SetVariable name="right_connection_control">[BeatJump],prev</SetVariable>
           </Template>

          <Template src="skin:beatjump_button.xml">
             <SetVariable name="control_length">8</SetVariable>
             <SetVariable name="text_length"></SetVariable>
             <SetVariable name="state_0_pressed">icon/ic_beatjump_forward_48px.svg</SetVariable>
             <SetVariable name="state_0_unpressed">icon/ic_beatjump_forward_48px.svg</SetVariable>
             <SetVariable name="direction">forward</SetVariable>
           </Template>
         </Children>
       </WidgetGroup>

       <WidgetGroup>
         <Layout>horizontal</Layout>
         <Children>
           <Template src="skin:beatjump_button.xml">
             <SetVariable name="control_length">16</SetVariable>
             <SetVariable name="text_length"></SetVariable>
             <SetVariable name="state_0_pressed">icon/ic_beatjump_backward_48px.svg</SetVariable>
             <SetVariable name="state_0_unpressed">icon/ic_beatjump_backward_48px.svg</SetVariable>
             <SetVariable name="direction">backward</SetVariable>
           </Template>

           <Template src="skin:left_right_1state_button.xml">
             <SetVariable name="ObjectName">BeatJumpValue</SetVariable>
             <SetVariable name="MinimumSize"><Variable name="SquareButtonMinimumSize"/></SetVariable>
             <SetVariable name="MaximumSize"><Variable name="SquareButtonMaximumSize"/></SetVariable>
             <SetVariable name="SizePolicy"><Variable name="SquareButtonSizePolicy"/></SetVariable>
             <SetVariable name="state_0_text">16</SetVariable>
             <SetVariable name="state_0_pressed"></SetVariable>
             <SetVariable name="state_0_unpressed"></SetVariable>
             <SetVariable name="left_connection_control">[BeatJump],next</SetVariable>
             <SetVariable name="right_connection_control">[BeatJump],prev</SetVariable>
           </Template>

           <Template src="skin:beatjump_button.xml">
             <SetVariable name="control_length">16</SetVariable>
             <SetVariable name="text_length"></SetVariable>
             <SetVariable name="state_0_pressed">icon/ic_beatjump_forward_48px.svg</SetVariable>
             <SetVariable name="state_0_unpressed">icon/ic_beatjump_forward_48px.svg</SetVariable>
             <SetVariable name="direction">forward</SetVariable>
           </Template>
         </Children>
       </WidgetGroup>

       <WidgetGroup>
         <Layout>horizontal</Layout>
         <Children>
           <Template src="skin:beatjump_button.xml">
             <SetVariable name="control_length">32</SetVariable>
             <SetVariable name="text_length"></SetVariable>
             <SetVariable name="state_0_pressed">icon/ic_beatjump_backward_48px.svg</SetVariable>
             <SetVariable name="state_0_unpressed">icon/ic_beatjump_backward_48px.svg</SetVariable>
             <SetVariable name="direction">backward</SetVariable>
           </Template>

          <Template src="skin:left_right_1state_button.xml">
             <SetVariable name="ObjectName">BeatJumpValue</SetVariable>
             <SetVariable name="MinimumSize"><Variable name="SquareButtonMinimumSize"/></SetVariable>
             <SetVariable name="MaximumSize"><Variable name="SquareButtonMaximumSize"/></SetVariable>
             <SetVariable name="SizePolicy"><Variable name="SquareButtonSizePolicy"/></SetVariable>
             <SetVariable name="state_0_text">32</SetVariable>
             <SetVariable name="state_0_pressed"></SetVariable>
             <SetVariable name="state_0_unpressed"></SetVariable>
             <SetVariable name="left_connection_control">[BeatJump],next</SetVariable>
             <SetVariable name="right_connection_control">[BeatJump],prev</SetVariable>
           </Template>

          <Template src="skin:beatjump_button.xml">
             <SetVariable name="control_length">32</SetVariable>
             <SetVariable name="text_length"></SetVariable>
             <SetVariable name="state_0_pressed">icon/ic_beatjump_forward_48px.svg</SetVariable>
             <SetVariable name="state_0_unpressed">icon/ic_beatjump_forward_48px.svg</SetVariable>
             <SetVariable name="direction">forward</SetVariable>
           </Template>
         </Children>
       </WidgetGroup>

       <WidgetGroup>
        <Layout>horizontal</Layout>
        <Children>
          <Template src="skin:beatjump_button.xml">
            <SetVariable name="control_length">64</SetVariable>
            <SetVariable name="text_length"></SetVariable>
             <SetVariable name="state_0_pressed">icon/ic_beatjump_backward_48px.svg</SetVariable>
             <SetVariable name="state_0_unpressed">icon/ic_beatjump_backward_48px.svg</SetVariable>
            <SetVariable name="direction">backward</SetVariable>
          </Template>

          <Template src="skin:left_right_1state_button.xml">
            <SetVariable name="ObjectName">BeatJumpValue</SetVariable>
            <SetVariable name="MinimumSize"><Variable name="SquareButtonMinimumSize"/></SetVariable>
            <SetVariable name="MaximumSize"><Variable name="SquareButtonMaximumSize"/></SetVariable>
            <SetVariable name="SizePolicy"><Variable name="SquareButtonSizePolicy"/></SetVariable>
            <SetVariable name="state_0_text">64</SetVariable>
            <SetVariable name="state_0_pressed"></SetVariable>
            <SetVariable name="state_0_unpressed"></SetVariable>
            <SetVariable name="left_connection_control">[BeatJump],next</SetVariable>
            <SetVariable name="right_connection_control">[BeatJump],prev</SetVariable>
          </Template>

          <Template src="skin:beatjump_button.xml">
            <SetVariable name="control_length">64</SetVariable>
            <SetVariable name="text_length"></SetVariable>
             <SetVariable name="state_0_pressed">icon/ic_beatjump_forward_48px.svg</SetVariable>
             <SetVariable name="state_0_unpressed">icon/ic_beatjump_forward_48px.svg</SetVariable>
            <SetVariable name="direction">forward</SetVariable>
          </Template>
        </Children>
       </WidgetGroup>

       <WidgetGroup>
         <Layout>horizontal</Layout>
         <Children>
           <Template src="skin:beatjump_button.xml">
             <SetVariable name="control_length">0.03125</SetVariable>
             <SetVariable name="text_length"></SetVariable>
             <SetVariable name="state_0_pressed">icon/ic_beatjump_backward_48px.svg</SetVariable>
             <SetVariable name="state_0_unpressed">icon/ic_beatjump_backward_48px.svg</SetVariable>
             <SetVariable name="direction">backward</SetVariable>
           </Template>

         <Template src="skin:left_right_1state_button.xml">
             <SetVariable name="ObjectName">BeatJumpValue</SetVariable>
             <SetVariable name="MinimumSize"><Variable name="SquareButtonMinimumSize"/></SetVariable>
             <SetVariable name="MaximumSize"><Variable name="SquareButtonMaximumSize"/></SetVariable>
             <SetVariable name="SizePolicy"><Variable name="SquareButtonSizePolicy"/></SetVariable>
             <SetVariable name="state_0_text">1/32</SetVariable>
             <SetVariable name="state_0_pressed"></SetVariable>
             <SetVariable name="state_0_unpressed"></SetVariable>
             <SetVariable name="left_connection_control">[BeatJump],next</SetVariable>
             <SetVariable name="right_connection_control">[BeatJump],prev</SetVariable>
           </Template>

         <Template src="skin:beatjump_button.xml">
             <SetVariable name="control_length">0.03125</SetVariable>
             <SetVariable name="text_length"></SetVariable>
             <SetVariable name="state_0_pressed">icon/ic_beatjump_forward_48px.svg</SetVariable>
             <SetVariable name="state_0_unpressed">icon/ic_beatjump_forward_48px.svg</SetVariable>
             <SetVariable name="direction">forward</SetVariable>
           </Template>
         </Children>
       </WidgetGroup>

       <WidgetGroup>
         <Layout>horizontal</Layout>
         <Children>
           <Template src="skin:beatjump_button.xml">
             <SetVariable name="control_length">0.0625</SetVariable>
             <SetVariable name="text_length"></SetVariable>
             <SetVariable name="state_0_pressed">icon/ic_beatjump_backward_48px.svg</SetVariable>
             <SetVariable name="state_0_unpressed">icon/ic_beatjump_backward_48px.svg</SetVariable>
             <SetVariable name="direction">backward</SetVariable>
           </Template>

         <Template src="skin:left_right_1state_button.xml">
             <SetVariable name="ObjectName">BeatJumpValue</SetVariable>
             <SetVariable name="MinimumSize"><Variable name="SquareButtonMinimumSize"/></SetVariable>
             <SetVariable name="MaximumSize"><Variable name="SquareButtonMaximumSize"/></SetVariable>
             <SetVariable name="SizePolicy"><Variable name="SquareButtonSizePolicy"/></SetVariable>
             <SetVariable name="state_0_text">1/16</SetVariable>
             <SetVariable name="state_0_pressed"></SetVariable>
             <SetVariable name="state_0_unpressed"></SetVariable>
             <SetVariable name="left_connection_control">[BeatJump],next</SetVariable>
             <SetVariable name="right_connection_control">[BeatJump],prev</SetVariable>
           </Template>

         <Template src="skin:beatjump_button.xml">
             <SetVariable name="control_length">0.0625</SetVariable>
             <SetVariable name="text_length"></SetVariable>
             <SetVariable name="state_0_pressed">icon/ic_beatjump_forward_48px.svg</SetVariable>
             <SetVariable name="state_0_unpressed">icon/ic_beatjump_forward_48px.svg</SetVariable>
             <SetVariable name="direction">forward</SetVariable>
           </Template>
         </Children>
       </WidgetGroup>

       <WidgetGroup>
         <Layout>horizontal</Layout>
         <Children>
           <Template src="skin:beatjump_button.xml">
             <SetVariable name="control_length">0.125</SetVariable>
             <SetVariable name="text_length"></SetVariable>
             <SetVariable name="state_0_pressed">icon/ic_beatjump_backward_48px.svg</SetVariable>
             <SetVariable name="state_0_unpressed">icon/ic_beatjump_backward_48px.svg</SetVariable>
             <SetVariable name="direction">backward</SetVariable>
           </Template>

           <Template src="skin:left_right_1state_button.xml">
             <SetVariable name="ObjectName">BeatJumpValue</SetVariable>
             <SetVariable name="MinimumSize"><Variable name="SquareButtonMinimumSize"/></SetVariable>
             <SetVariable name="MaximumSize"><Variable name="SquareButtonMaximumSize"/></SetVariable>
             <SetVariable name="SizePolicy"><Variable name="SquareButtonSizePolicy"/></SetVariable>
             <SetVariable name="state_0_text">1/8</SetVariable>
             <SetVariable name="state_0_pressed"></SetVariable>
             <SetVariable name="state_0_unpressed"></SetVariable>
             <SetVariable name="left_connection_control">[BeatJump],next</SetVariable>
             <SetVariable name="right_connection_control">[BeatJump],prev</SetVariable>
           </Template>

           <Template src="skin:beatjump_button.xml">
             <SetVariable name="control_length">0.125</SetVariable>
             <SetVariable name="text_length"></SetVariable>
             <SetVariable name="state_0_pressed">icon/ic_beatjump_forward_48px.svg</SetVariable>
             <SetVariable name="state_0_unpressed">icon/ic_beatjump_forward_48px.svg</SetVariable>
             <SetVariable name="direction">forward</SetVariable>
           </Template>
         </Children>
       </WidgetGroup>

       <WidgetGroup>
         <Layout>horizontal</Layout>
         <Children>
           <Template src="skin:beatjump_button.xml">
             <SetVariable name="control_length">0.25</SetVariable>
             <SetVariable name="text_length"></SetVariable>
             <SetVariable name="state_0_pressed">icon/ic_beatjump_backward_48px.svg</SetVariable>
             <SetVariable name="state_0_unpressed">icon/ic_beatjump_backward_48px.svg</SetVariable>
             <SetVariable name="direction">backward</SetVariable>
           </Template>

           <Template src="skin:left_right_1state_button.xml">
             <SetVariable name="ObjectName">BeatJumpValue</SetVariable>
             <SetVariable name="MinimumSize"><Variable name="SquareButtonMinimumSize"/></SetVariable>
             <SetVariable name="MaximumSize"><Variable name="SquareButtonMaximumSize"/></SetVariable>
             <SetVariable name="SizePolicy"><Variable name="SquareButtonSizePolicy"/></SetVariable>
             <SetVariable name="state_0_text">1/4</SetVariable>
             <SetVariable name="state_0_pressed"></SetVariable>
             <SetVariable name="state_0_unpressed"></SetVariable>
             <SetVariable name="left_connection_control">[BeatJump],next</SetVariable>
             <SetVariable name="right_connection_control">[BeatJump],prev</SetVariable>
           </Template>

           <Template src="skin:beatjump_button.xml">
             <SetVariable name="control_length">0.25</SetVariable>
             <SetVariable name="text_length"></SetVariable>
             <SetVariable name="state_0_pressed">icon/ic_beatjump_forward_48px.svg</SetVariable>
             <SetVariable name="state_0_unpressed">icon/ic_beatjump_forward_48px.svg</SetVariable>
             <SetVariable name="direction">forward</SetVariable>
           </Template>
         </Children>
       </WidgetGroup>

       <WidgetGroup>
         <Layout>horizontal</Layout>
         <Children>
           <Template src="skin:beatjump_button.xml">
             <SetVariable name="control_length">0.5</SetVariable>
             <SetVariable name="text_length"></SetVariable>
             <SetVariable name="state_0_pressed">icon/ic_beatjump_backward_48px.svg</SetVariable>
             <SetVariable name="state_0_unpressed">icon/ic_beatjump_backward_48px.svg</SetVariable>
             <SetVariable name="direction">backward</SetVariable>
           </Template>

           <Template src="skin:left_right_1state_button.xml">
             <SetVariable name="ObjectName">BeatJumpValue</SetVariable>
             <SetVariable name="MinimumSize"><Variable name="SquareButtonMinimumSize"/></SetVariable>
             <SetVariable name="MaximumSize"><Variable name="SquareButtonMaximumSize"/></SetVariable>
             <SetVariable name="SizePolicy"><Variable name="SquareButtonSizePolicy"/></SetVariable>
             <SetVariable name="state_0_text">1/2</SetVariable>
             <SetVariable name="state_0_pressed"></SetVariable>
             <SetVariable name="state_0_unpressed"></SetVariable>
             <SetVariable name="left_connection_control">[BeatJump],next</SetVariable>
             <SetVariable name="right_connection_control">[BeatJump],prev</SetVariable>
           </Template>

           <Template src="skin:beatjump_button.xml">
             <SetVariable name="control_length">0.5</SetVariable>
             <SetVariable name="text_length"></SetVariable>
             <SetVariable name="state_0_pressed">icon/ic_beatjump_forward_48px.svg</SetVariable>
             <SetVariable name="state_0_unpressed">icon/ic_beatjump_forward_48px.svg</SetVariable>
             <SetVariable name="direction">forward</SetVariable>
           </Template>
         </Children>
       </WidgetGroup>

       <WidgetGroup>
         <Layout>horizontal</Layout>
         <Children>
           <Template src="skin:beatjump_button.xml">
             <SetVariable name="control_length">1</SetVariable>
             <SetVariable name="text_length"></SetVariable>
             <SetVariable name="state_0_pressed">icon/ic_beatjump_backward_48px.svg</SetVariable>
             <SetVariable name="state_0_unpressed">icon/ic_beatjump_backward_48px.svg</SetVariable>
             <SetVariable name="direction">backward</SetVariable>
           </Template>

           <Template src="skin:left_right_1state_button.xml">
             <SetVariable name="ObjectName">BeatJumpValue</SetVariable>
             <SetVariable name="MinimumSize"><Variable name="SquareButtonMinimumSize"/></SetVariable>
             <SetVariable name="MaximumSize"><Variable name="SquareButtonMaximumSize"/></SetVariable>
             <SetVariable name="SizePolicy"><Variable name="SquareButtonSizePolicy"/></SetVariable>
             <SetVariable name="state_0_text">1</SetVariable>
             <SetVariable name="state_0_pressed"></SetVariable>
             <SetVariable name="state_0_unpressed"></SetVariable>
             <SetVariable name="left_connection_control">[BeatJump],next</SetVariable>
             <SetVariable name="right_connection_control">[BeatJump],prev</SetVariable>
           </Template>

           <Template src="skin:beatjump_button.xml">
             <SetVariable name="control_length">1</SetVariable>
             <SetVariable name="text_length"></SetVariable>
             <SetVariable name="state_0_pressed">icon/ic_beatjump_forward_48px.svg</SetVariable>
             <SetVariable name="state_0_unpressed">icon/ic_beatjump_forward_48px.svg</SetVariable>
             <SetVariable name="direction">forward</SetVariable>
           </Template>
         </Children>
       </WidgetGroup>

       <WidgetGroup>
         <Layout>horizontal</Layout>
         <Children>
           <Template src="skin:beatjump_button.xml">
             <SetVariable name="control_length">2</SetVariable>
             <SetVariable name="text_length"></SetVariable>
             <SetVariable name="state_0_pressed">icon/ic_beatjump_backward_48px.svg</SetVariable>
             <SetVariable name="state_0_unpressed">icon/ic_beatjump_backward_48px.svg</SetVariable>
             <SetVariable name="direction">backward</SetVariable>
           </Template>

           <Template src="skin:left_right_1state_button.xml">
             <SetVariable name="ObjectName">BeatJumpValue</SetVariable>
             <SetVariable name="MinimumSize"><Variable name="SquareButtonMinimumSize"/></SetVariable>
             <SetVariable name="MaximumSize"><Variable name="SquareButtonMaximumSize"/></SetVariable>
             <SetVariable name="SizePolicy"><Variable name="SquareButtonSizePolicy"/></SetVariable>
             <SetVariable name="state_0_text">2</SetVariable>
             <SetVariable name="state_0_pressed"></SetVariable>
             <SetVariable name="state_0_unpressed"></SetVariable>
             <SetVariable name="left_connection_control">[BeatJump],next</SetVariable>
             <SetVariable name="right_connection_control">[BeatJump],prev</SetVariable>
           </Template>

           <Template src="skin:beatjump_button.xml">
             <SetVariable name="control_length">2</SetVariable>
             <SetVariable name="text_length"></SetVariable>
             <SetVariable name="state_0_pressed">icon/ic_beatjump_forward_48px.svg</SetVariable>
             <SetVariable name="state_0_unpressed">icon/ic_beatjump_forward_48px.svg</SetVariable>
             <SetVariable name="direction">forward</SetVariable>
           </Template>
         </Children>
       </WidgetGroup>
    </Children>
  </WidgetStack>

</Template>
