<!DOCTYPE template>
<!--
  Description:
    Deck visual row (waveform and spinny).
  Variables:
    group: the group to connect to
-->
<Template>
  <WidgetGroup>
    <ObjectName>VisualRow</ObjectName>
    <Layout>horizontal</Layout>
    <SizePolicy>me,max</SizePolicy>
    <!-- Because the spinny hides itself and throws off the size
         calculation we set our minimum size to the spinny size. -->
    <MinimumSize>-1,96</MinimumSize>
    <Children>
      <Visual>
        <TooltipId>waveform_display</TooltipId>
        <Group><Variable name="group"/></Group>
        <BgColor><Variable name="DeckBackgroundColor"/></BgColor>
        <SignalHighColor></SignalHighColor>
        <SignalMidColor></SignalMidColor>
        <SignalLowColor></SignalLowColor>
        <SignalRGBHighColor></SignalRGBHighColor>
        <SignalRGBMidColor></SignalRGBMidColor>
        <SignalRGBLowColor></SignalRGBLowColor>
        <SignalColor><Variable name="DeckSignalColor"/></SignalColor>
        <BeatColor>#ffffff</BeatColor>
        <PlayPosColor>#00FF00</PlayPosColor>
        <EndOfTrackColor>#EA0000</EndOfTrackColor>
        <AxesColor></AxesColor>
        <Align></Align>
        <DefaultMark>
          <Align>top</Align>
          <Color>#00FF00</Color>
          <TextColor>#000000</TextColor>
          <Text> %1 </Text>
        </DefaultMark>
        <MarkRange>
          <StartControl>loop_start_position</StartControl>
          <EndControl>loop_end_position</EndControl>
          <EnabledControl>loop_enabled</EnabledControl>
          <Color>#00FF00</Color>
          <DisabledColor>#FFFFFF</DisabledColor>
        </MarkRange>
        <Mark>
          <Control>loop_start_position</Control>
          <Pixmap>image/marker_loop_in.png</Pixmap>
          <Text>IN</Text>
          <Align>bottom</Align>
          <Color>#00FF00</Color>
          <TextColor>#FFFFFF</TextColor>
        </Mark>
        <Mark>
          <Control>loop_end_position</Control>
          <Pixmap>image/marker_loop_out.png</Pixmap>
          <Text>OUT</Text>
          <Align>bottom</Align>
          <Color>#00FF00</Color>
          <TextColor>#FFFFFF</TextColor>
        </Mark>
        <!--
        The hotcues not represented by a button in the current skin show only in the waveform under two circumstances:
        - if a MIDI device which supports more hotcues than buttons are in the current skin has them activated
        - if you change from a skin which supports more hotcues than buttons are in the current skin (and has them activated)
        -->
        <Mark>
          <Control>hotcue_1_position</Control>
          <Pixmap>image/marker_hotcue_1.png</Pixmap>
          <Text>1</Text>
          <Align>bottom</Align>
          <Color>#00FF00</Color>
          <TextColor>#FFFFFF</TextColor>
        </Mark>
        <Mark>
          <Control>hotcue_2_position</Control>
          <Pixmap>image/marker_hotcue_2.png</Pixmap>
          <Text>2</Text>
          <Align>bottom</Align>
          <Color>#00FF00</Color>
          <TextColor>#FFFFFF</TextColor>
        </Mark>
        <Mark>
          <Control>hotcue_3_position</Control>
          <Pixmap>image/marker_hotcue_3.png</Pixmap>
          <Text>3</Text>
          <Align>bottom</Align>
          <Color>#00FF00</Color>
          <TextColor>#FFFFFF</TextColor>
        </Mark>
        <Mark>
          <Control>hotcue_4_position</Control>
          <Pixmap>image/marker_hotcue_4.png</Pixmap>
          <Text>4</Text>
          <Align>bottom</Align>
          <Color>#00FF00</Color>
          <TextColor>#FFFFFF</TextColor>
        </Mark>
        <Mark>
          <Control>cue_point</Control>
          <Pixmap>image/marker_cue.png</Pixmap>
          <Text>CUE</Text>
          <Align>bottom</Align>
          <Color>#FF001C</Color>
          <TextColor>#FFFFFF</TextColor>
        </Mark>
      </Visual>

      <WidgetGroup>
        <ObjectName>WaveformZoomContainer</ObjectName>
        <Layout>vertical</Layout>
        <SizePolicy>min,min</SizePolicy>
        <Children>
          <Template src="skin:left_1state_button.xml">
            <SetVariable name="TooltipId">waveform_zoom_down</SetVariable>
            <SetVariable name="ObjectName">WaveformZoomDownButton</SetVariable>
            <SetVariable name="MinimumSize"><Variable name="SmallSquareButtonMinimumSize"/></SetVariable>
            <SetVariable name="MaximumSize"><Variable name="SmallSquareButtonMaximumSize"/></SetVariable>
            <SetVariable name="SizePolicy"><Variable name="SmallSquareButtonSizePolicy"/></SetVariable>
            <SetVariable name="state_0_text"></SetVariable>
            <SetVariable name="state_0_pressed">icon/ic_add_48px.svg</SetVariable>
            <SetVariable name="state_0_unpressed">icon/ic_add_48px.svg</SetVariable>
            <SetVariable name="left_connection_control"><Variable name="group"/>,waveform_zoom_down</SetVariable>
          </Template>

          <Template src="skin:left_1state_button.xml">
            <SetVariable name="TooltipId">waveform_zoom_set_default</SetVariable>
            <SetVariable name="ObjectName">WaveformZoomSetDefaultButton</SetVariable>
            <SetVariable name="MinimumSize"><Variable name="SmallSquareButtonMinimumSize"/></SetVariable>
            <SetVariable name="MaximumSize"><Variable name="SmallSquareButtonMaximumSize"/></SetVariable>
            <SetVariable name="SizePolicy"><Variable name="SmallSquareButtonSizePolicy"/></SetVariable>
            <SetVariable name="state_0_text"></SetVariable>
            <SetVariable name="state_0_pressed">icon/ic_clear_48px</SetVariable>
            <SetVariable name="state_0_unpressed">icon/ic_clear_48px</SetVariable>
            <SetVariable name="left_connection_control"><Variable name="group"/>,waveform_zoom_set_default</SetVariable>
          </Template>

          <Template src="skin:left_1state_button.xml">
            <SetVariable name="TooltipId">waveform_zoom_up</SetVariable>
            <SetVariable name="ObjectName">WaveformZoomUpButton</SetVariable>
            <SetVariable name="MinimumSize"><Variable name="SmallSquareButtonMinimumSize"/></SetVariable>
            <SetVariable name="MaximumSize"><Variable name="SmallSquareButtonMaximumSize"/></SetVariable>
            <SetVariable name="SizePolicy"><Variable name="SmallSquareButtonSizePolicy"/></SetVariable>
            <SetVariable name="state_0_text"></SetVariable>
            <SetVariable name="state_0_pressed">icon/ic_remove_48px.svg</SetVariable>
            <SetVariable name="state_0_unpressed">icon/ic_remove_48px.svg</SetVariable>
            <SetVariable name="left_connection_control"><Variable name="group"/>,waveform_zoom_up</SetVariable>
          </Template>
        </Children>
      </WidgetGroup>

      <!-- We allow for the following options in the skin settings:
           : Show no cover
           : Show cover on spinning vinyl images
           : Show cover in text row of decks
      -->
    </Children>
  </WidgetGroup>
</Template>
