<!DOCTYPE template>
<!--
  Description:
    Deck controls row (transport, beatgrid, looping, hotcue, etc.).
  Variables:
    group: the group to connect to
-->
<Template>
  <WidgetGroup>
    <ObjectName>ControlsRow</ObjectName>
    <Layout>horizontal</Layout>
    <SizePolicy>me,max</SizePolicy>
    <Children>
      <!--<Template src="skin:transport.xml"/>-->
      <Template src="skin:beatloop2.xml"/>
      <!--<Template src="skin:loop.xml"/>-->
      <!--<Template src="skin:hotcue.xml"/>-->
    </Children>
  </WidgetGroup>
</Template>
