<!DOCTYPE template>
<!--
  Description:
    A simple sample deck.
  Variables:
    i: The Sampler number (1-indexed)
-->
<Template>
  <SetVariable name="group">[Sampler<Variable name="i"/>]</SetVariable>
  <WidgetGroup>
    <ObjectName>Sampler</ObjectName>
    <Layout>horizontal</Layout>
    <SizePolicy>me,f</SizePolicy>
    <Children>
      <Template src="skin:sampler_text_row.xml"/>

      <Template src="skin:vumeter_h.xml">
        <SetVariable name="TooltipId">channel_VuMeter</SetVariable>
        <SetVariable name="group"><Variable name="group"/></SetVariable>
        <SetVariable name="control">VuMeter</SetVariable>
        <SetVariable name="tooltip_meter">sampler_VuMeter</SetVariable>
        <SetVariable name="tooltip_clip">sampler_PeakIndicator</SetVariable>
      </Template>
    </Children>
  </WidgetGroup>
</Template>
