<!DOCTYPE skin>
<skin>
  <manifest>
    <title>Deere</title>
    <author>RJ Ryan, S.Brandt</author>
    <version>1.12.0.01</version>
    <description>A flexible skin.</description>
    <language>en</language>
    <license>Creative Commons Attribution, Share-Alike 3.0 Unported</license>
    <attributes>
      <attribute config_key="[Master],num_decks">4</attribute>
      <attribute config_key="[Master],num_samplers">16</attribute>
      <attribute config_key="[Master],num_preview_decks">1</attribute>
      <!--Optionally, make elements visible on skin load-->
      <attribute persist="true" config_key="[Spinny1],show_spinny">1</attribute>
      <attribute persist="true" config_key="[Spinny2],show_spinny">1</attribute>
      <attribute persist="true" config_key="[Spinny3],show_spinny">1</attribute>
      <attribute persist="true" config_key="[Spinny4],show_spinny">1</attribute>
      <attribute persist="true" config_key="[Samplers],show_samplers">0</attribute>
      <attribute persist="true" config_key="[Microphone],show_microphone">0</attribute>
      <attribute persist="true" config_key="[Vinylcontrol],show_vinylcontrol">0</attribute>
      <attribute persist="true" config_key="[PreviewDeck],show_previewdeck">0</attribute>
      <attribute config_key="[Library],show_library">1</attribute>
      <attribute persist="true" config_key="[Library],show_coverart">0</attribute>
    </attributes>
  </manifest>

  <ObjectName>Mixxx</ObjectName>
  <Style src="skin:style.qss"/>

  <MinimumSize>1028,580</MinimumSize>
  <SizePolicy>me,me</SizePolicy>
  <Layout>horizontal</Layout>

  <Children>
    <SetVariable name="SmallSquareButtonMinimumSize">62,62</SetVariable>
    <SetVariable name="SmallSquareButtonMaximumSize">62,62</SetVariable>
    <SetVariable name="SmallSquareButtonSizePolicy">f,f</SetVariable>

    <SetVariable name="SmallWideButtonMinimumSize">60,30</SetVariable>
    <SetVariable name="SmallWideButtonMaximumSize">60,30</SetVariable>
    <SetVariable name="SmallWideButtonSizePolicy">me,me</SetVariable>

    <SetVariable name="SmallHorizontalStretchButtonMinimumSize">-1,15</SetVariable>
    <SetVariable name="SmallHorizontalStretchButtonMaximumSize">-1,15</SetVariable>
    <SetVariable name="SmallHorizontalStretchButtonSizePolicy">me,f</SetVariable>

    <SetVariable name="SmallVerticalStretchButtonMinimumSize">30,-1</SetVariable>
    <SetVariable name="SmallVerticalStretchButtonMaximumSize">30,-1</SetVariable>
    <SetVariable name="SmallVerticalStretchButtonSizePolicy">f,me</SetVariable>

    <SetVariable name="SmallHorizontalStretchLinkButtonMinimumSize">-1,8</SetVariable>
    <SetVariable name="SmallHorizontalStretchLinkButtonMaximumSize">-1,8</SetVariable>
    <SetVariable name="SmallHorizontalStretchLinkButtonSizePolicy">me,f</SetVariable>

    <SetVariable name="MediumSquareButtonMinimumSize">82,82</SetVariable>
    <SetVariable name="MediumSquareButtonMaximumSize">82,82</SetVariable>
    <SetVariable name="MediumSquareButtonSizePolicy">f,f</SetVariable>
	

    <SetVariable name="SquareButtonMinimumSize">120,120</SetVariable>
    <SetVariable name="SquareButtonMaximumSize">120,120</SetVariable>
    <SetVariable name="SquareButtonSizePolicy">f,f</SetVariable>

    <SetVariable name="WideButtonMinimumSize">80,40</SetVariable>
    <SetVariable name="WideButtonMaximumSize">80,40</SetVariable>
    <SetVariable name="WideButtonSizePolicy">f,f</SetVariable>

    <SetVariable name="HorizontalStretchButtonMinimumSize">-1,40</SetVariable>
    <SetVariable name="HorizontalStretchButtonMaximumSize">-1,40</SetVariable>
    <SetVariable name="HorizontalStretchButtonSizePolicy">me,f</SetVariable>

    <SetVariable name="VerticalStretchButtonMinimumSize">80,-1</SetVariable>
    <SetVariable name="VerticalStretchButtonMaximumSize">80,-1</SetVariable>
    <SetVariable name="VerticalStretchButtonSizePolicy">f,me</SetVariable>

    <WidgetGroup>
      <SizePolicy>me,me</SizePolicy>
      <Layout>vertical</Layout>
      <Children>
        <Template src="skin:main_decks.xml"/>
        <Template src="skin:library.xml"/>
      </Children>
    </WidgetGroup>
    <Template src="skin:skin_settings.xml"/>
  </Children>
</skin>
