<!DOCTYPE template>
<!--
  Description:
    The skin settings floating widget.
-->
<Template>
  <WidgetGroup>
    <ObjectName>SkinSettings</ObjectName>
    <Layout>vertical</Layout>
    <SizePolicy>min,min</SizePolicy>
    <MinimumSize>180,-1</MinimumSize>
    <MaximumSize>300,-1</MaximumSize>
    <Children>
      <WidgetGroup>
        <ObjectName>SkinSettingsTop</ObjectName>
        <Layout>horizontal</Layout>
        <Children>
          <Label>
            <ObjectName>h1</ObjectName>
            <SizePolicy>e,min</SizePolicy>
            <Text>Skin Settings</Text>
          </Label>
          <Template src="skin:left_2state_button.xml">
            <SetVariable name="TooltipId"></SetVariable>
            <SetVariable name="Tooltip">Show/hide skin settings</SetVariable>
            <SetVariable name="ObjectName">SidebarShowHideSkinSettingsButton</SetVariable>
            <SetVariable name="MinimumSize"><Variable name="SquareButtonMinimumSize"/></SetVariable>
            <SetVariable name="MaximumSize"><Variable name="SquareButtonMaximumSize"/></SetVariable>
            <SetVariable name="SizePolicy"><Variable name="SquareButtonSizePolicy"/></SetVariable>
            <SetVariable name="state_0_text"></SetVariable>
            <SetVariable name="state_0_pressed">icon/ic_menu_48px.svg</SetVariable>
            <SetVariable name="state_0_unpressed">icon/ic_menu_48px.svg</SetVariable>
            <SetVariable name="state_1_text"></SetVariable>
            <SetVariable name="state_1_pressed">icon/ic_menu_48px.svg</SetVariable>
            <SetVariable name="state_1_unpressed">icon/ic_menu_48px.svg</SetVariable>
            <SetVariable name="left_connection_control">[Deere],show_skin_settings</SetVariable>
          </Template>
        </Children>
      </WidgetGroup>

      <!-- Global Skin Settings -->
      <Label>
        <ObjectName>h2</ObjectName>
        <Text>View</Text>
      </Label>

      <WidgetGroup>
        <ObjectName>h3</ObjectName>
        <Layout>vertical</Layout>
        <SizePolicy>me,min</SizePolicy>
        <Children>
          <PushButton>
            <TooltipId>show_mixer</TooltipId>
            <Size>80me,20f</Size>
            <NumberStates>2</NumberStates>
            <State>
              <Number>0</Number>
              <Text>&#9744; Show Mixer</Text>
              <Alignment>left</Alignment>
            </State>
            <State>
              <Number>1</Number>
              <Text>&#9745; Show Mixer</Text>
              <Alignment>left</Alignment>
            </State>
            <Connection>
              <ConfigKey persist="true">[Master],hide_mixer</ConfigKey>
              <Transform>
                <Not/>
              </Transform>
            </Connection>
          </PushButton>

          <PushButton>
            <Size>80me,20f</Size>
            <NumberStates>2</NumberStates>
            <State>
              <Number>0</Number>
              <Text>&#9744; Show Crossfader</Text>
              <Alignment>left</Alignment>
            </State>
            <State>
              <Number>1</Number>
              <Text>&#9745; Show Crossfader</Text>
              <Alignment>left</Alignment>
            </State>
            <Connection>
              <ConfigKey>[Deere],hide_crossfader</ConfigKey>
              <Transform>
                <Not/>
              </Transform>
            </Connection>
          </PushButton>

          <PushButton>
            <TooltipId>show_microphone</TooltipId>
            <Size>80me,20f</Size>
            <NumberStates>2</NumberStates>
            <State>
              <Number>0</Number>
              <Text>&#9744; Show Microphone</Text>
              <Alignment>left</Alignment>
            </State>
            <State>
              <Number>1</Number>
              <Text>&#9745; Show Microphone</Text>
              <Alignment>left</Alignment>
            </State>
            <Connection>
              <ConfigKey persist="true">[Microphone],show_microphone</ConfigKey>
            </Connection>
          </PushButton>

          <PushButton>
            <TooltipId>show_previewdeck</TooltipId>
            <Size>80me,20f</Size>
            <NumberStates>2</NumberStates>
            <State>
              <Number>0</Number>
              <Text>&#9744; Show Preview Deck</Text>
              <Alignment>left</Alignment>
            </State>
            <State>
              <Number>1</Number>
              <Text>&#9745; Show Preview Deck</Text>
              <Alignment>left</Alignment>
            </State>
            <Connection>
              <ConfigKey persist="true">[PreviewDeck],show_previewdeck</ConfigKey>
            </Connection>
          </PushButton>

          <PushButton>
            <TooltipId>toggle_4decks</TooltipId>
            <Size>80me,20f</Size>
            <NumberStates>2</NumberStates>
            <State>
              <Number>0</Number>
              <Text>&#9744; Show 4 Decks</Text>
              <Alignment>left</Alignment>
            </State>
            <State>
              <Number>1</Number>
              <Text>&#9745; Show 4 Decks</Text>
              <Alignment>left</Alignment>
            </State>
            <Connection>
              <ConfigKey persist="true">[Master],show_4decks</ConfigKey>
              <EmitOnPressAndRelease>true</EmitOnPressAndRelease>
            </Connection>
          </PushButton>

          <PushButton>
            <TooltipId>show_coverart</TooltipId>
            <Size>80me,20f</Size>
            <NumberStates>2</NumberStates>
            <State>
              <Number>0</Number>
              <Text>&#9744; Show Cover Art in Library</Text>
              <Alignment>left</Alignment>
            </State>
            <State>
              <Number>1</Number>
              <Text>&#9745; Show Cover Art in Library</Text>
              <Alignment>left</Alignment>
            </State>
            <Connection>
              <ConfigKey persist="true">[Library],show_coverart</ConfigKey>
            </Connection>
          </PushButton>

          <PushButton>
            <TooltipId>maximize_library</TooltipId>
            <Size>80me,20f</Size>
            <NumberStates>2</NumberStates>
            <State>
              <Number>0</Number>
              <Text>&#9744; Maximize Library</Text>
              <Alignment>left</Alignment>
            </State>
            <State>
              <Number>1</Number>
              <Text>&#9745; Maximize Library</Text>
              <Alignment>left</Alignment>
            </State>
            <Connection>
              <ConfigKey persist="true">[Master],maximize_library</ConfigKey>
              <EmitOnPressAndRelease>true</EmitOnPressAndRelease>
            </Connection>
          </PushButton>
        </Children>
      </WidgetGroup>

      <!-- Deck Settings -->
      <Label>
      <ObjectName>h2</ObjectName>
      <Text>Main Decks</Text>
      </Label>

      <WidgetGroup>
        <ObjectName>h3</ObjectName>
        <Layout>vertical</Layout>
        <SizePolicy>me,min</SizePolicy>
        <Children>
          <PushButton>
            <Size>80me,20f</Size>
            <NumberStates>3</NumberStates>
            <State>
              <Number>0</Number>
              <Text>&#9744; Show Cover Art</Text>
              <Alignment>left</Alignment>
            </State>
            <State>
              <Number>1</Number>
              <Text>&#9745; Show Cover Art &#9679; &#9675;</Text>
              <Alignment>left</Alignment>
            </State>
            <State>
              <Number>2</Number>
              <Text>&#9745; Show Cover Art &#9675; &#9679;</Text>
              <Alignment>left</Alignment>
            </State>
            <Connection>
              <ConfigKey persist="true">[Deere],show_coverart</ConfigKey>
            </Connection>
          </PushButton>

          <PushButton>
            <Size>80me,20f</Size>
            <NumberStates>2</NumberStates>
            <State>
              <Number>0</Number>
              <Text>&#9744; Show Star Rating</Text>
              <Alignment>left</Alignment>
            </State>
            <State>
              <Number>1</Number>
              <Text>&#9745; Show Star Rating</Text>
              <Alignment>left</Alignment>
            </State>
            <Connection>
              <ConfigKey persist="true">[Deere],show_starrating</ConfigKey>
            </Connection>
          </PushButton>

          <PushButton>
            <Size>80me,20f</Size>
            <NumberStates>2</NumberStates>
            <State>
              <Number>0</Number>
              <Text>&#9744; Show More Hotcues</Text>
              <Alignment>left</Alignment>
            </State>
            <State>
              <Number>1</Number>
              <Text>&#9745; Show More Hotcues</Text>
              <Alignment>left</Alignment>
            </State>
            <Connection>
              <ConfigKey persist="true">[Deere],show_more_hotcues</ConfigKey>
            </Connection>
          </PushButton>

          <PushButton>
            <Size>80me,20f</Size>
            <NumberStates>2</NumberStates>
            <State>
              <Number>0</Number>
              <Text>&#9744; Conceal Artist/Track Info</Text>
              <Alignment>left</Alignment>
            </State>
            <State>
              <Number>1</Number>
              <Text>&#9745; Conceal Artist/Track Info</Text>
              <Alignment>left</Alignment>
            </State>
            <Connection>
              <ConfigKey>[Deere],show_no_track_info</ConfigKey>
            </Connection>
          </PushButton>

          <PushButton>
            <Size>80me,20f</Size>
            <NumberStates>2</NumberStates>
            <State>
              <Number>0</Number>
              <Text>&#9744; Conceal BPM Info</Text>
              <Alignment>left</Alignment>
            </State>
            <State>
              <Number>1</Number>
              <Text>&#9745; Conceal BPM Info</Text>
              <Alignment>left</Alignment>
            </State>
            <Connection>
              <ConfigKey>[Deere],show_no_bpm_info</ConfigKey>
            </Connection>
          </PushButton>

          <PushButton>
            <TooltipId>toggle_waveforms_stacked</TooltipId>
            <Size>80me,20f</Size>
            <NumberStates>2</NumberStates>
            <State>
              <Number>0</Number>
              <Text>&#9744; Show Stacked Waveforms</Text>
              <Alignment>left</Alignment>
            </State>
            <State>
              <Number>1</Number>
              <Text>&#9745; Show Stacked Waveforms</Text>
              <Alignment>left</Alignment>
            </State>
            <Connection>
              <ConfigKey persist="true">[Deere],show_stacked_waveforms</ConfigKey>
            </Connection>
          </PushButton>
        </Children>
      </WidgetGroup>

      <!-- Sampler Settings -->
      <Label>
        <ObjectName>h2</ObjectName>
        <Text>Samplers</Text>
      </Label>

      <WidgetGroup>
        <ObjectName>h3</ObjectName>
        <Layout>vertical</Layout>
        <SizePolicy>me,min</SizePolicy>
        <Children>
          <PushButton>
            <Size>80me,20f</Size>
            <NumberStates>2</NumberStates>
            <State>
              <Number>0</Number>
              <Text>&#9744; Show Advanced Mode</Text>
              <Alignment>left</Alignment>
            </State>
            <State>
              <Number>1</Number>
              <Text>&#9745; Show Advanced Mode</Text>
              <Alignment>left</Alignment>
            </State>
            <Connection>
              <ConfigKey persist="true">[Samplers],show_samplers</ConfigKey>
            </Connection>
          </PushButton>
        </Children>
      </WidgetGroup>

      <!-- Effects Settings -->
      <Label>
        <ObjectName>h2</ObjectName>
        <Text>Effect Rack</Text>
      </Label>

      <WidgetGroup>
        <ObjectName>h3</ObjectName>
        <Layout>vertical</Layout>
        <SizePolicy>me,min</SizePolicy>
        <Children>
          <PushButton>
            <Size>80me,20f</Size>
            <NumberStates>2</NumberStates>
            <State>
              <Number>0</Number>
              <Text>&#9744; Show Advanced Mode</Text>
              <Alignment>left</Alignment>
            </State>
            <State>
              <Number>1</Number>
              <Text>&#9745; Show Advanced Mode</Text>
              <Alignment>left</Alignment>
            </State>
            <Connection>
              <ConfigKey persist="true">[EffectRack1],show</ConfigKey>
            </Connection>
          </PushButton>
        </Children>
      </WidgetGroup>

      <Template src="skin:spacer_v.xml"/>

    </Children>
    <Connection>
      <ConfigKey persist="true">[Deere],show_skin_settings</ConfigKey>
      <BindProperty>visible</BindProperty>
    </Connection>
  </WidgetGroup>
</Template>
